pearson_r,raw_mse,standardized_mse,identity_2_one_minus_r
-0.7593341377670402,13.822519318371693,3.518668263573863,3.5186682755340803
0.42552509183363235,4.928572244530244,1.1489498007565346,1.1489498163327352
0.3912990150979724,7.576271878987754,1.2174019591232885,1.2174019698040552
-0.7524794721725747,11.612485581020398,3.5049589317030896,3.5049589443451494
0.09490886579979052,9.193197204964369,1.8101822569745132,1.810182268400419
-0.9468486087064004,2.00881538069429,3.893697146066417,3.893697217412801
-0.890955407003137,11.02150513572357,3.7819107913595262,3.781910814006274
-0.4411585665959931,1.7154043847936065,2.8823170925165083,2.8823171331919863
-0.20575524143302695,8.853099732420066,2.411510471186697,2.411510482866054
-0.7296932716122967,14.57736296973774,3.459386533694756,3.4593865432245936
-0.8687788069634346,6.2656113827725255,3.737557597610642,3.737557613926869
-0.14191863574134533,11.205666376050257,2.283837260619448,2.2838372714826907
-0.7469079808741145,10.874419529146278,3.4938159481702944,3.493815961748229
-0.5689025078533042,1.6947645911558018,3.1378049605309393,3.1378050157066086
-0.7825339471967852,11.001298634870306,3.5650678847366173,3.5650678943935703
-0.11330836301310057,7.835511997740517,2.226616713753943,2.2266167260262013
-0.7283634066817211,11.233105956933407,3.4567267991585537,3.456726813363442
-0.6869194901470084,10.696561241173171,3.373838969179584,3.3738389802940167
-0.009345064186947666,23.79347445229074,2.0186901139447544,2.0186901283738954
-0.8351751103818615,9.732022971389357,3.6703502068837244,3.670350220763723
-0.46548416433248097,18.012512849153687,2.9309683159847006,2.930968328664962
-0.6464300580220315,5.939799167747648,3.2928601021547013,3.292860116044063
-0.19454077598201014,11.37607614866402,2.389081539685616,2.3890815519640203
-0.8448273310445362,10.883885001190645,3.6896546516045365,3.6896546620890724
-0.8699376746838053,6.967985669813037,3.739875334698445,3.739875349367611
0.6578018451265286,3.2484600757330298,0.6843962975619562,0.6843963097469428
0.24469671134515217,6.978583067023999,1.5106065638386925,1.5106065773096957
0.40196015224191495,7.966645114918526,1.1960796856098783,1.19607969551617
0.5676312624454587,1.957621154315765,0.8647374597089008,0.8647374751090826
-0.3411032987522151,7.216889978650651,2.6822065844947827,2.6822065975044302
0.6353650805359615,5.573961548725427,0.72926982806591,0.729269838928077
0.2366629987689857,8.701386604777134,1.5266739894690804,1.5266740024620287
0.8231662835410285,7.539760483343836,0.3536674172653727,0.353667432917943
-0.162405048590294,6.834234347951681,2.3248100857179277,2.324810097180588
0.45035606250124516,7.088815104551653,1.0992878635439243,1.0992878749975097
-0.2875375926341635,10.870710538342134,2.575075173195468,2.575075185268327
-0.19953542914942426,6.794231011055237,2.3990708430317467,2.3990708582988485
0.20087706720818255,1.5611893679747946,1.5982458431608766,1.598245865583635
-0.05272307049034499,6.770582682371539,2.1054461274143796,2.10544614098069
-0.5144491219891422,3.3794592377247628,3.0288982257053996,3.0288982439782846
0.042383812439171074,3.356212040722036,1.915232361045504,1.9152323751216578
0.3471298486755,5.5885756341648225,1.3057402907804334,1.305740302649
-0.5052188499493282,14.035034536314503,3.0104376884940836,3.0104376998986564
0.2674985280007194,1.6746130810042696,1.4650029252574492,1.4650029439985612
-0.01349245402418795,3.2171220306291244,2.026984893390249,2.0269849080483757
-0.034442403795426846,7.415664457890153,2.068884794486999,2.0688848075908535
0.12295969413404512,5.359581474667144,1.7540805978945724,1.7540806117319097
-0.925593480007651,7.440378856914101,3.851186946676899,3.851186960015302
-0.8469126349460585,8.89518545155104,3.6938252580654876,3.693825269892117
0.3965671475779299,6.195382015180953,1.206865691728829,1.2068657048441402
0.8218479183295326,0.6635828840152767,0.35630414629728074,0.35630416334093473
0.461953055614826,2.1319554071724216,1.0760938743992212,1.076093888770348
-0.7049356606837499,10.311712478899011,3.409871309249597,3.4098713213674996
0.41437422705887206,23.21530004281269,1.17125153350438,1.1712515458822559
-0.8617946969669619,17.063667363967696,3.7235893825651716,3.7235893939339237
-0.7968533494192035,9.335377452446862,3.593706686910107,3.5937066988384068
0.08194361585940899,4.005782264686835,1.8361127552460477,1.836112768281182
0.5960059741859769,19.180920171828554,0.8079880391380945,0.8079880516280462
-0.3603210327226055,12.976615591085098,2.7206420513653287,2.720642065445211
0.28485919688377676,7.381177637427627,1.4302815952825452,1.4302816062324464
-0.8397489523890016,3.811495819372929,3.6794978838745624,3.679497904778003
0.009967028034290957,4.408659940836494,1.9800659285125326,1.980065943931418
-0.7022288178984403,8.960681270035844,3.404457622019216,3.4044576357968808
0.46280770962192397,5.334734811246368,1.0743845693997738,1.074384580756152
0.7391837582136339,2.8867795133395746,0.5216324704591616,0.5216324835727322
-0.46234420025764894,7.5703874702407,2.9246883882486174,2.924688400515298
0.8484992550093292,0.49072195212384934,0.3030014728698228,0.3030014899813416
0.423886460186183,4.2601294438843915,1.1522270691619596,1.1522270796276342
0.7180155736658221,6.08448649399191,0.5639688393884156,0.5639688526683557
0.5899435767248596,12.810143331201688,0.8201128356010349,0.8201128465502807
-0.112078475955716,18.604115533089452,2.224156940321002,2.224156951911432
0.03542091070157947,6.169378302488126,1.9291581674371852,1.929158178596841
-0.9939826544581312,7.258909556616926,3.9879652944433093,3.9879653089162623
0.7849300084302073,2.1626518332744546,0.43013997014219285,0.43013998313958535
0.2562626704212218,30.158167301261646,1.4874746421768883,1.4874746591575563
0.9844398354019118,0.1934952631453078,0.031120311621108038,0.031120329196176355
-0.25050719586975534,45.131671525829105,2.501014379688697,2.5010143917395107
-0.677736360458864,15.738382570866808,3.355472708283263,3.355472720917728
-0.481010225502274,9.653709269526852,2.962020440005646,2.9620204510045482
-0.5519459503188904,6.891971709437482,3.103891885485722,3.1038919006377808
0.4818124147054302,3.669777189277342,1.0363751589286443,1.0363751705891397
0.34296420362563634,3.671438020691862,1.314071581625947,1.3140715927487272
0.2595977904814819,10.269302187819154,1.4808044096537782,1.4808044190370362
0.3959075832664377,6.127240320730197,1.2081848220009108,1.2081848334671246
-0.370230243226524,13.100150512475174,2.740460474842609,2.740460486453048
-0.27787661581653994,9.927989148720556,2.555753219484165,2.55575323163308
-0.4148063435560605,6.581961596957533,2.8296126747073673,2.829612687112121
-0.4334535868325663,13.10871116576531,2.8669071606632737,2.8669071736651324
0.01133979409198972,5.097669763570112,1.977320399656119,1.9773204118160206
0.04870658895030106,15.726214749769895,1.9025868046878087,1.9025868220993978
-0.9359908551797176,5.497818983352862,3.871981646592835,3.871981710359435
-0.27454289927483533,10.280589126333146,2.5490857868660797,2.5490857985496707
0.8483051606121872,2.0226025871956796,0.30338966548136415,0.3033896787756256
0.20980380420275827,2.1163140844837183,1.580392375697995,1.5803923915944835
0.4039852296471038,17.452628446617386,1.1920295281422877,1.1920295407057924
0.4454643004557357,2.5387670172084182,1.1090713861422257,1.1090713990885286
-0.140930117216106,4.053071603284266,2.2818602200135336,2.281860234432212
-0.2607918648868988,2.6135267561418507,2.521583699377031,2.5215837297737975
-0.6346100319589076,7.077261756531767,3.2692200516484413,3.2692200639178153
-0.7762219529261799,2.7855283036321423,3.5524438761381214,3.5524439058523596
-0.560246320248368,1.268456436656832,3.1204924157389864,3.120492640496736
0.20446318017555967,6.1198580960733,1.5910736262772656,1.5910736396488807
-0.6348914714089264,17.17243913758159,3.2697829322145413,3.269782942817853
-0.5083917945309661,12.96844270470545,3.016783576229132,3.016783589061932
-0.264122789262391,6.777791512030035,2.5282455663535575,2.528245578524782
-0.26606405679539347,9.482186584178868,2.532128099930407,2.5321281135907867
0.7311125795365356,24.208098388307025,0.5377748265729376,0.5377748409269287
0.9739385096240041,4.007871816548546,0.052122968783845404,0.05212298075199184
-0.335327922816987,15.60412370346005,2.6706558346709848,2.670655845633974
-0.6392867878317439,14.247039797891007,3.2785735620810494,3.2785735756634877
-0.6752538017472639,7.8249549491876955,3.3505075915084133,3.3505076034945276
0.9393917237013409,19.10458657581799,0.12121654088488071,0.12121655259731812
0.15526594175654662,18.377613479789666,1.6894681052097849,1.6894681164869068
-0.7406813923716391,19.940844567837885,3.4813627729663823,3.481362784743278
-0.4849316660650437,3.54692762075816,2.9698633109848944,2.969863332130087
-0.8397569133046909,7.063304184235812,3.679513811974668,3.679513826609382
0.8006048864823113,0.568534553465808,0.3987902030413309,0.39879022703537736
-0.5217021617906619,6.141879939376068,3.0434043097230608,3.0434043235813237
-0.5755282844153724,6.028621042189343,3.1510565539117446,3.151056568830745
-0.12481821044366258,3.589085114148476,2.2496364064199943,2.249636420887325
0.5614326813750476,4.510078561080728,0.8771346241076122,0.8771346372499047
0.23764665161412402,4.196674982596575,1.5247066849887823,1.524706696771752
0.407323702842862,8.449846846370814,1.1853525828347662,1.185352594314276
0.5827764013304986,3.6314692429462427,0.8344471843462024,0.8344471973390029
-0.8410648805291924,9.90100882448308,3.68212974421534,3.682129761058385
0.049971038010444495,8.46070070011924,1.900057909037972,1.900057923979111
-0.643966555673175,6.8958483915567035,3.287933095884868,3.2879331113463497
-0.652309908219941,13.779524981747587,3.3046198052757694,3.3046198164398817
0.6741219183347795,2.6327973545194228,0.651756149649686,0.651756163330441
-0.5852254398507504,4.636532118057319,3.17045086524738,3.1704508797015007
-0.17369434955554228,7.141534673910338,2.3473886871174074,2.3473886991110846
-0.6122847405250778,6.459183316909712,3.224569467436651,3.2245694810501555
-0.8238986008399909,5.707904097267852,3.647797186679764,3.647797201679982
-0.2859050017768391,2.0229961282923004,2.5718099723996315,2.5718100035536784
0.148469609530666,1.559741091376419,1.7030607587502897,1.703060780938668
0.16775882532316597,5.365285749951283,1.6644823368341437,1.664482349353668
0.26978078258254357,1.7073611015494152,1.4604384164316562,1.4604384348349129
-0.7753282103686748,11.441008631519942,3.550656410583603,3.55065642073735
0.5936297002086546,3.4281727125057353,0.812740587989814,0.8127405995826908
0.6332574911433224,6.980554317246867,0.7334850075944451,0.7334850177133552
0.5993100389090898,1.7180084662614323,0.801379907620121,0.8013799221818203
0.7437039674370657,3.5855450806310456,0.5125920519257248,0.5125920651258686
0.8295577711301757,21.412403902690127,0.3408844466173118,0.3408844577396486
-0.24252989912128536,7.097169159546305,2.485059783157509,2.485059798242571
-0.012009683392327419,8.940524199990755,2.024019354497059,2.0240193667846547
-0.941509035763383,5.988889537208649,3.883018054583968,3.8830180715267657
0.9968831825965883,0.6939916785332833,0.00623361868450935,0.006233634806823485
-0.2198933176086847,15.704401858331401,2.439786622043642,2.439786635217369
-0.6437684347945363,4.426578332362353,3.2875368542862775,3.2875368695890725
0.4380087840107962,1.5743626229574603,1.1239824159099199,1.1239824319784075
0.9964183590983194,1.1073105330720043,0.007163264039667676,0.007163281803361121
-0.5923425286580821,10.005215352476876,3.1846850441192247,3.1846850573161642
-0.34603281479196807,18.20186372666651,2.692065618591022,2.692065629583936
-0.17433960984467087,3.6060733217371106,2.348679205705831,2.3486792196893416
-0.036192156283316894,7.149497290732556,2.0723843017956565,2.072384312566634
0.8013680812260457,1.0784203566838275,0.39726382419708783,0.3972638375479085
-0.7009418361974451,11.941051022388706,3.401883659820065,3.40188367239489
-0.20056745949243374,5.953048002933838,2.40113490554031,2.4011349189848676
-0.21338803782906746,7.756961968564301,2.4267760646998853,2.426776075658135
0.8412715136140199,0.2677890262080249,0.3174569489943113,0.3174569727719603
-0.7994247992244846,5.96202578389448,3.5988495835801304,3.598849598448969
0.6205510319208286,1.0085493467545712,0.7588979179567831,0.7588979361583428
0.9977651137356675,1.1211463647663718,0.004469759636600782,0.004469772528665095
-0.4510977084267978,12.26949931948858,2.9021954054588583,2.9021954168535955
0.7521098153188621,3.1939271174275956,0.49578035458371994,0.49578036936227576
-0.5359776957537645,16.102411912447725,3.0719553800407473,3.071955391507529
-0.5610764078623679,51.60970208828039,3.1221528047649008,3.1221528157247356
-0.10268040741226118,6.017062486988181,2.205360800029757,2.2053608148245223
-0.42472518597070036,11.6815797106494,2.8494503587253583,2.849450371941401
-0.08901449698523406,8.385344347557178,2.1780289815550753,2.178028993970468
0.15204800703869115,11.265023551297936,1.6959039731219245,1.6959039859226177
0.34416289392546107,5.643080466368673,1.31167420118745,1.3116742121490779
-0.865722999432002,9.16494390786616,3.7314459868168037,3.731445998864004
-0.24222812525155177,10.933242500957077,2.4844562389508438,2.4844562505031034
-0.8579731534401708,4.19649702299353,3.7159462783465456,3.7159463068803413
0.2261562922260423,12.410827080865088,1.5476874036156523,1.5476874155479154
-0.5966343379264918,10.366090502117409,3.1932686617477364,3.1932686758529836
-0.828221797422527,9.64631212102333,3.65644358321864,3.656443594845054
-0.2921234490772453,15.296718203758372,2.5842468867428994,2.5842468981544906
-0.9929331133019013,7.491600343273342,3.9858662132367577,3.9858662266038025
0.9588049042600921,0.39261748057781676,0.08239017553949,0.08239019147981574
0.5267558857466212,19.42940350427115,0.9464881454051443,0.9464882285067575
-0.6540160011863974,10.418126395832576,3.308031990409081,3.3080320023727947
-0.6822374166987603,13.960796062903688,3.3644748201992276,3.3644748333975203
-0.7769458875380969,9.774612218595227,3.553891762436022,3.5538917750761936
0.8308691494158709,0.4323256392232537,0.33826168080346963,0.33826170116825827
0.9402453137673901,1.625036144003003,0.1195093564805763,0.11950937246521987
-0.3656091226710119,11.426680627057781,2.7312182339130784,2.7312182453420237
-0.21257252139429605,7.43306359644217,2.4251450278792306,2.425145042788592
0.17783388012228196,3.305476901017706,1.6443322259313418,1.644332239755436
0.15235005287922251,6.689258801454134,1.695299878546286,1.695299894241555
0.6382814076168072,2.484804980139057,0.7234371722958302,0.7234371847663856
0.10339233888822198,2.5737525407617277,1.7932153061293157,1.793215322223556
0.23018190757676066,3.529547163012696,1.5396361718909854,1.5396361848464788
-0.9607120634857683,6.591975531459791,3.9214241120763274,3.9214241269715364
-0.6890017626837529,18.042459851711516,3.378003513634604,3.3780035253675056
0.9942227826937858,0.6448898476080511,0.01155441607974248,0.011554434612428333
-0.21760331565120297,12.41600222944445,2.4352066196664293,2.435206631302406
0.6627471916287266,3.0919147107714853,0.674505603704898,0.6745056167425467
0.15675294810533735,9.134532265234414,1.6864940938659696,1.6864941037893253
-0.7075405516155502,10.66626808611305,3.4150810921487382,3.4150811032311004
-0.41619852545612096,23.040838268274317,2.8323970382697885,2.832397050912242
0.3673772666642533,3.9786295545422763,1.2652454532875304,1.2652454666714934
0.4048906530195545,2.890888471773935,1.1902186805417942,1.190218693960891
0.20747008380352933,1.1957074652393456,1.5850597930335115,1.5850598323929415
0.02208004785798706,7.08865337390409,1.9558398923936504,1.955839904284026
0.8420606390378227,0.5936164443406236,0.3158787022373833,0.3158787219243546
0.8807651245458167,1.734160561952721,0.23846973812167302,0.23846975090836664
0.6266574814498452,29.62430656862382,0.7466850248771457,0.7466850371003095
-0.41448375894992534,30.84522172746998,2.8289675052061325,2.8289675178998506
-0.6502660776187046,4.790473366667613,3.300532131026479,3.300532155237409
0.49829424514913745,16.782627291835393,1.0034114978099486,1.003411509701725
0.017894375534957527,3.5779780797141956,1.964211234975863,1.964211248930085
0.481349718605309,20.368539411444427,1.0373005523050465,1.0373005627893819
-0.8461576525452977,11.93440845994191,3.692315290184311,3.6923153050905952
-0.6044810841388838,18.947283395066886,3.208962151901665,3.2089621682777674
-0.23445965316965875,4.46314607404943,2.468919290225651,2.4689193063393176
0.2587953385951893,7.852761835342689,1.482409311588361,1.4824093228096213
0.25868206955547224,7.74295140716315,1.4826358498621655,1.4826358608890555
0.807998943013813,10.093190039032594,0.3840020982208226,0.38400211397237394
0.6963400125539533,5.9429455415536685,0.6073199601514271,0.6073199748920934
0.3231513715222285,7.955459325150513,1.3536972449857445,1.353697256955543
0.755721406518117,13.744310874431358,0.48855717510264945,0.48855718696376593
0.5620144371663086,2.271763560181566,0.8759711142651276,0.8759711256673828
-0.7548636517834431,47.09472725959389,3.509727294612396,3.509727303566886
-0.7615755749437975,17.873875293010943,3.523151136340211,3.523151149887595
-0.5479124592096722,9.66928959969448,3.0958249054447897,3.0958249184193445
0.8925056563205391,0.5658518253554597,0.2149886459347962,0.21498868735892174
0.22480560879778486,2.525213938116604,1.5503887621582215,1.5503887824044302
0.67422963716126,1.8115204096863726,0.6515407078550021,0.6515407256774799
-0.48567902479993247,31.85294762630106,2.971358037147367,2.971358049599865
-0.568488899889097,8.388525942718609,3.1369777866515203,3.136977799778194
-0.39325625428715455,15.710287734849627,2.7865124957448955,2.786512508574309
0.7732736685901367,3.84791281934723,0.45345264956366904,0.4534526628197266
0.015518097819048938,6.4374031136450425,1.9689637931779835,1.9689638043619022
-0.46067550562085824,12.893114881759791,2.921350999201433,2.9213510112417165
-0.0806270607819364,3.150307546937028,2.161254106701788,2.1612541215638728
0.3491357703759807,3.462388766492914,1.3017284461675511,1.3017284592480385
-0.4306954407594785,9.886478617407018,2.8613908706287994,2.861390881518957
-0.3837177165514928,13.490616593177627,2.76743542324104,2.7674354331029853
-0.40045419749757805,3.3492336484209777,2.8009083339149727,2.8009083949951563
0.9973914691911065,1.3851154332140991,0.005217049648585598,0.0052170616177869
-0.4390142878409186,10.721085386266425,2.878028564238615,2.8780285756818373
-0.6836604216863034,15.560829753337435,3.3673208324777275,3.3673208433726067
0.3197128723974759,4.258598581447845,1.3605742432452714,1.3605742552050482
-0.8002565089432723,11.69966499963447,3.6005130069264673,3.6005130178865445
-0.8993066313522284,5.785468015054292,3.798613248194514,3.798613262704457
0.6578127826717108,2.824604241432843,0.6843744226501725,0.6843744346565783
-0.11200247415678853,11.609169485996185,2.2240049203878467,2.224004948313577
-0.15861164192254998,6.817477580355046,2.317223270856961,2.3172232838451
-0.31467343925313074,8.753191515213214,2.629346866984648,2.6293468785062615
0.43645756086358767,3.316717849229085,1.1270848640927689,1.1270848782728247
-0.08729039326827993,11.15177471073374,2.1745807737741254,2.17458078653656
-0.8543702238912907,3.642342362899223,3.708740427378329,3.7087404477825814
0.6001728314503408,6.822885629765406,0.7996543235477559,0.7996543370993183
0.20008177163546167,3.492589866946427,1.5998364444188122,1.5998364567290766
-0.5926202442747439,2.2368569888165637,3.185240448773765,3.185240488549488
0.641209643062095,4.1538477454331,0.7175807032849181,0.7175807138758099
-0.2864892555756588,4.368849105651366,2.572978497133755,2.5729785111513177
0.8374226918186292,2.819734499486826,0.32515460256220835,0.3251546163627417
0.6840000990584695,6.326485735971796,0.6319997916675205,0.631999801883061
0.19137180636145396,9.820652688128433,1.6172563759154488,1.617256387277092
0.9516331010804557,1.1722659653880458,0.09673378531009869,0.09673379783908853
0.2553428978443377,4.709739530939624,1.4893141929067553,1.4893142043113246
0.9798232734250283,0.1914604295093683,0.04035343657336305,0.04035345314994343
-0.977926771560802,21.418593448309117,3.9558535284036793,3.955853543121604
-0.7514069842969489,6.500021966279831,3.5028139554918325,3.5028139685938977
0.8234472916796521,0.7249634343871002,0.3531054006248801,0.3531054166406957
0.2798138712809445,3.1012194855169395,1.4403722432910715,1.440372257438111
-0.6356056268703304,12.145416755253562,3.2712112425812507,3.2712112537406606
0.935726404152422,0.8970188461283752,0.12854717832333687,0.12854719169515594
0.9954973701790543,0.7272057437650119,0.009005243031241285,0.009005259641891472
-0.844966840219929,4.9854553687742476,3.6899336647674787,3.689933680439858
-0.956785476046777,10.693165212428795,3.9135709403026886,3.913570952093554
-0.9911766858606584,8.667067582184721,3.982353353880167,3.9823533717213166
0.6252473338951278,7.655992246605733,0.749505321438122,0.7495053322097445
-0.37309948057628567,6.1637258414727265,2.746198947589545,2.7461989611525714
0.8430672283031354,0.516604123835632,0.31386548410158627,0.3138655433937292
0.36632152217402575,8.611914163341325,1.2673569428686877,1.2673569556519486
-0.949981971503389,5.941108834815215,3.8999639273776983,3.899963943006778
-0.5835063756467526,13.095213212090018,3.167012740127482,3.1670127512935053
-0.7519337527756934,6.345662336023716,3.503867492548095,3.503867505551387
-0.06429877043063398,4.883247499044456,2.128597526543771,2.128597540861268
-0.9683501533776425,7.479357812001678,3.9367002906922415,3.9367003067552853
-0.6299100329003083,5.005319722741601,3.2598200470998853,3.259820065800617
0.807785090672078,4.149784076757602,0.3844297886745124,0.3844298186558439
0.859413881650298,0.32197206874864326,0.2811722141017057,0.28117223669940405
-0.2814061313327976,6.739349034187643,2.5628122509000617,2.562812262665595
-0.32620223082924354,7.044839756459508,2.652404449793546,2.652404461658487
-0.8911574697638158,7.781030283712019,3.782314926876715,3.7823149395276316
0.9949977726744151,2.62241380057706,0.010004438183858693,0.010004454651169725
-0.6314616227726821,16.31818246918697,3.2629232353207276,3.2629232455453643
-0.9761937062532604,3.127962482180724,3.9523873855423752,3.952387412506521
-0.5171564406090109,14.119299137431662,3.0343128708797757,3.034312881218022
-0.23571000607228537,8.949320422623774,2.471419999316366,2.471420012144571
0.6348067074068362,3.197919741222145,0.7303865733972387,0.7303865851863276
0.061553061428851356,8.107864080544092,1.8768938636287946,1.8768938771422974
0.1687571904473328,17.510388888745428,1.662485607896922,1.6624856191053343
0.9634931354524644,0.8304561548177314,0.07301371297057306,0.0730137290950712
-0.4081997106870527,14.381218696263558,2.816399409689145,2.8163994213741055
0.5354112984320387,3.2929269940727344,0.9291773907207675,0.9291774031359226
0.15954128631017428,7.7598624124688635,1.6809174170846943,1.6809174273796514
0.5178909540925386,3.7979041519650005,0.9642180748681567,0.9642180918149228
0.23060963832659412,8.777842645396449,1.5387807108115181,1.5387807233468118
0.8937957572240832,0.4163607393797561,0.21240845792837,0.21240848555183356
0.7126862741301867,3.0626081209180223,0.574627438848826,0.5746274517396266
0.7089722052160451,2.171677232475143,0.5820555752034599,0.5820555895679098
-0.7702399917615999,12.189645005274095,3.5404799736359664,3.5404799835231997
-0.6630410561523807,2.019647487500715,3.3260820580656394,3.3260821123047615
-0.32536969492491763,7.257772947940998,2.6507393788223137,2.6507393898498353
0.9848854669152803,3.0218294508450927,0.030229052093745948,0.030229066169439323
-0.7765335895448268,16.267265341446496,3.553067166008694,3.5530671790896537
-0.15161326221110982,6.558920833475585,2.3032265115986776,2.30322652442222
-0.8345287206980229,20.216394355218323,3.6690574269078997,3.6690574413960455
-0.7304186805004155,2.9020047648244356,3.4608371633786175,3.4608373610008307
0.6604395241120279,1.774455711776073,0.6791209360307429,0.6791209517759442
-0.7226185497319347,7.452860340643239,3.445237085804181,3.4452370994638697
-0.3503989877275089,7.770015949111596,2.7007979635381765,2.7007979754550178
-0.8779270360628596,8.56905525056651,3.7558540562188147,3.755854072125719
-0.6498038256495282,40.37024064705024,3.2996076399530114,3.2996076512990564
0.43051723531821273,19.337492355143983,1.138965518067027,1.1389655293635745
0.7921838352459699,3.481260824988416,0.41563229850316785,0.41563232950806017
0.8516725154902103,0.8920753506592018,0.296654954296778,0.29665496901957944
0.96873279532143,19.247119506914714,0.06253439698668974,0.06253440935714005
-0.6797116503668799,11.922796227989117,3.359423290118957,3.3594233007337597
-0.008795097413272902,9.35255753314929,2.0175901827268365,2.017590194826546
-0.35794858308681204,9.94330568929884,2.7158971540343853,2.715897166173624
0.3600222239160802,1.4308449463623287,1.2799555335125474,1.2799555521678396
-0.5105270103941882,17.411838547068815,3.02105401073605,3.0210540207883767
0.9213978274957648,8.384930431233954,0.15720432118938657,0.15720434500847036
0.6566414321419992,10.987243875254899,0.6867171248468689,0.6867171357160016
0.9143607712891141,0.17196912537615147,0.17127843720167232,0.17127845742177183
-0.5039444326835558,17.44666445520487,3.007888854375314,3.0078888653671116
0.758953561393202,7.352580075046875,0.48209286533102524,0.48209287721359595
0.32793096599930605,8.20700436820611,1.3441380554828635,1.344138068001388
-0.07776711092943307,6.683988417150088,2.1555342091838092,2.1555342218588662
0.6384154463141534,4.415864479890162,0.723169095575792,0.7231691073716933
-0.9899586880531762,10.66649952099875,3.9799173634940126,3.9799173761063527
0.64407867951631,1.6226014545089156,0.7118426240445772,0.7118426409673799
0.3412514378880493,1.888675438988686,1.3174971052516171,1.3174971242239013
0.9568034112461564,1.0078370668261485,0.08639316756380444,0.08639317750768716
-0.8861135369209577,3.7193892325584565,3.7722270528170823,3.7722270738419157
-0.8006038274819749,7.3176099777194095,3.6012076407036306,3.60120765496395
0.4056902947588671,1.3578465475649515,1.188619369457072,1.1886194104822658
-0.5580325793280448,12.151215191616249,3.116065148105431,3.11606515865609
0.546877869315526,3.5458896723735704,0.9062442499800284,0.9062442613689481
-0.42726200027126454,3.9185884419817936,2.8545239816926467,2.854524000542529
0.6845456219539445,3.064873424040536,0.6309087438612454,0.630908756092111
0.665287039235793,1.0397332283941352,0.6694258916227307,0.669425921528414
0.1596731336289476,5.682841152024595,1.6806537200506506,1.6806537327421047
-0.4584696422492752,7.747799474502257,2.9169392722105942,2.9169392844985502
0.9939868544145584,4.372478421714677,0.012026279208866767,0.012026291170883274
0.03247905347566994,7.97306030649523,1.9350418808724195,1.9350418930486601
-0.9497869806826241,8.023005691044123,3.899573949408807,3.899573961365248
0.016824788814440612,15.162071049589784,1.9663504117600525,1.9663504223711188
0.8124824134382606,6.405522905285622,0.37503509104530475,0.3750351731234789
0.3777086980940621,4.686619305890729,1.2445825897349785,1.244582603811876
-0.7273631374982501,8.102777639108387,3.4547262632758016,3.4547262749965
-0.11580274575562693,39.27074258128151,2.2316054802751273,2.231605491511254
0.31965435244554474,10.502817778364035,1.360691283647184,1.3606912951089105
-0.9739911396681156,6.0679060720784115,3.947982264817205,3.947982279336231
0.9175958333957237,1.5358530135335973,0.16480831985941008,0.1648083332085526
-0.5206857523044206,8.188577548671558,3.041371492032501,3.041371504608841
-0.31331887420653887,8.915113596776061,2.626637736472488,2.626637748413078
-0.46290856987062695,4.563757292817785,2.9258171252933245,2.925817139741254
0.9344426723821403,2.5129666176646106,0.13111464295074887,0.1311146552357194
-0.655565192981079,4.002996397518624,3.311130362971526,3.3111303859621577
-0.2723732933894706,8.335740825622462,2.5447465748603637,2.544746586778941
0.3945659616471172,10.240558020036108,1.2108680672992629,1.2108680767057656
-0.01112128267331883,4.3927744117920415,2.0222425451831834,2.022242565346638
0.3120652289420662,9.232857531850852,1.3758695303961574,1.3758695421158675
-0.1525690037194688,4.598169946803042,2.305137992392457,2.305138007438938
0.4939958411577672,2.32728746844076,1.0120083049342705,1.0120083176844656
-0.9170601322951936,7.129309678163723,3.83412025111159,3.8341202645903874
-0.6066802036701856,13.11075070123336,3.213360396950783,3.213360407340371
-0.35400790629963647,54.52789254537741,2.708015799269361,2.708015812599273
-0.38119622486963584,12.30161015296212,2.7623924339682357,2.762392449739272
-0.003997937268566577,3.3651041624324547,2.0079958601879966,2.007995874537133
-0.4781870612875681,6.3937590606717745,2.956374108379062,2.956374122575136
0.785522875801877,0.8462075050581086,0.428954232143561,0.4289542483962461
-0.3439026027445637,24.897783893189644,2.687805193182417,2.6878052054891275
0.2574017846539374,5.112950437544819,1.485196419490735,1.4851964306921253
-0.37416109464424296,8.840843757135971,2.748322176615197,2.748322189288486
0.5602359426554606,9.557141901397523,0.8795281066691955,0.8795281146890788
-0.7264826442535859,7.930920101702565,3.4529652754964983,3.4529652885071718
0.422651324555236,3.5542282467622823,1.1546973347874376,1.154697350889528
-0.6404060400160725,13.293658487133788,3.2808120690387392,3.280812080032145
-0.733601433652291,5.255202923044773,3.467202850466391,3.4672028673045823
0.986880234008445,1.6737573071269567,0.02623951881599642,0.02623953198310991
0.7595298981274136,2.7908114670364625,0.480940191793936,0.4809402037451729
0.46206925789872416,4.726291124819656,1.075861472602914,1.0758614842025516
-0.3894036714296555,12.800154237447911,2.778807331892004,2.778807342859311
0.8769755735826614,8.616596829496546,0.2460488345525266,0.24604885283467715
-0.5020382025451579,5.1536502926694325,3.00407639073871,3.0040764050903155
-0.994066598623841,7.428332108283907,3.988133183126856,3.9881331972476817
0.911424428405576,0.47475839537305076,0.17715110602885506,0.17715114318884795
0.9114059304240649,0.41437902875350224,0.1771880766829896,0.17718813915187015
0.5666366558915215,18.777235227370017,0.8667266722735603,0.8667266882169571
0.26961690206272415,3.2991671618972673,1.4607661789350408,1.4607661958745517
-0.838840570859721,12.547238842109255,3.6776811300522603,3.677681141719442
0.9700883328606709,1.1136480347245423,0.05982331729592666,0.05982333427865827
0.08137807594998413,2.292712013398082,1.8372438317985818,1.8372438481000317
0.9952367797170298,0.6085823636039218,0.009526429741040607,0.00952644056594032
-0.5117257511563156,3.7536801855210364,3.0234514835518915,3.023451502312631
-0.3272848205294983,2.7718446951739732,2.654569610810445,2.6545696410589965
-0.6733137333108363,21.614309799771007,3.3466274530138316,3.3466274666216727
-0.774789340225977,9.187492096152678,3.5495786703944145,3.549578680451954
-0.8379638269154124,8.337501537876754,3.67592764101885,3.6759276538308248
0.8199643717904214,1.0933341874936602,0.36007124136244767,0.36007125641915727
-0.9115000245607557,4.472909891180728,3.8230000302798253,3.8230000491215117
0.5631311066078978,11.319261365981516,0.8737377764631992,0.8737377867842044
-0.13655162685236027,1.6412081178747555,2.273103219043266,2.2731032537047207
0.9911885146842335,2.4930098238390483,0.017622954998830445,0.017622970631532953
0.9926883649429131,0.8435331380789551,0.01462325619365849,0.014623270114173748
0.9646838144562199,0.5863668717563904,0.07063235713855381,0.07063237108756026
-0.8148749338975398,1.2145387913666021,3.6297496007058556,3.6297498677950797
0.3749830374189983,3.2737753467290505,1.2500339132776535,1.2500339251620034
-0.542090070820756,22.036096335906432,3.0841801299354685,3.0841801416415118
0.22718071377697782,5.34233112565549,1.5456385601152367,1.5456385724460444
0.8548935922597998,3.5326472430432494,0.2902128022920295,0.29021281548040045
0.3444821360902444,3.3689907334192313,1.3110357040226368,1.3110357278195113
-0.19789856411575868,7.59113245858525,2.395797116624491,2.3957971282315174
0.19075133509189376,6.279779682086747,1.6184973161443967,1.6184973298162124
-0.7183825977691789,1.8874659728939363,3.4367651180444567,3.436765195538358
-0.20257196668003158,14.092608072685774,2.405143922226822,2.4051439333600633
0.9441458515319296,1.9854433190040324,0.11170828261630056,0.1117082969361407
-0.8949698400179189,6.356165705225577,3.789939666997636,3.789939680035838
-0.5525994316193725,2.9046668633646875,3.1051986492981563,3.105198863238745
0.6849572142332148,1.8855246996052142,0.6300855580787479,0.6300855715335705
-0.6948361923982266,10.677721045100528,3.3896723734359617,3.3896723847964534
-0.44343761059296605,14.125587379374268,2.8868752101230863,2.886875221185932
0.8356960881547008,0.3171159895787852,0.32860780244151805,0.3286078236905985
-0.9334031319270619,12.307020042007206,3.866806249705277,3.866806263854124
0.6881158125838774,19.010147307967852,0.6237683583150687,0.6237683748322451
0.9803380478783037,7.150064858771558,0.039323890627589786,0.039323904243392604
-0.7637353998823019,4.12722599919002,3.5274707811642436,3.527470799764604
0.9270245745416233,1.185794010491897,0.14595083838407966,0.1459508509167533
0.9491321494034669,2.10069287030758,0.1017356846147132,0.10173570119306619
0.16033134027624676,4.511315645978237,1.6793373055247063,1.6793373194475065
0.23733834504913037,6.43686343882126,1.5253232969886497,1.5253233099017391
0.10930635997679695,16.69404484382489,1.7813872655562717,1.7813872800464061
-0.30911683134554896,4.481142006528413,2.618233641832103,2.618233662691098
0.16036948950482852,9.194881338344107,1.6792610091322429,1.679261020990343
0.4673205507339174,8.804176528698932,1.0653588882929443,1.0653588985321654
0.7441236893008897,1.7884229316679594,0.511752608277244,0.5117526213982206
-0.326278809887371,15.434295200901824,2.6525576093234027,2.652557619774742
0.9950673156028336,2.7935091298836063,0.009865354536107257,0.009865368794332863
-0.06827055304185582,1.8680486979733266,2.1365410794050175,2.136541106083712
-0.5098722573516065,2.7727249595667147,3.0197444738432844,3.0197445147032127
-0.588381419171363,15.338454611348114,3.1767628254477756,3.176762838342726
0.49949031405977273,4.324064322606335,1.0010193609106284,1.0010193718804545
0.017562756843954908,2.3552500937225984,1.9648744691006508,1.9648744863120902
0.08852077210332639,7.081092299029293,1.8229584440376887,1.8229584557933471
-0.41893190741940967,26.38757478018839,2.837863803875807,2.837863814838819
-0.59181296304843,17.32109937450013,3.1836259145902446,3.18362592609686
-0.4806879205741256,7.079325486869135,2.9613758289227707,2.9613758411482514
-0.9480084208366778,6.465103761114062,3.8960168261268477,3.8960168416733554
-0.7200455791658541,4.055244855395427,3.4400911399265004,3.4400911583317084
-0.3830392899321338,11.110653830468829,2.7660785675798167,2.7660785798642675
-0.5301086893095137,14.658719773608304,3.0602173667556976,3.0602173786190274
0.8688929625909585,1.875809350936063,0.26221405802287706,0.262214074818083
0.6587632502614562,5.755515977597012,0.6824734873962994,0.6824734994770876
0.9786801106629415,4.519550891445353,0.04263976416983337,0.04263977867411706
-0.4694346310056419,6.391443048887133,2.9388692489392696,2.9388692620112837
0.11106541482625311,17.74548629312683,1.777869155221563,1.7778691703474938
0.714158777099318,1.7119709883797698,0.5716824323360187,0.5716824458013641
0.9363843600543978,0.34450225147597807,0.12723126265033216,0.1272312798912043
0.6300796242925119,3.115626938689307,0.739840726766092,0.7398407514149763
0.5090465283335968,5.458517369788854,0.9819069316858124,0.9819069433328065
0.6964111452737151,4.6990694628820995,0.6071776975717993,0.6071777094525699
0.1282461620041277,5.493873671350521,1.743506973571547,1.7435076759917445
0.7187495965829278,13.600652185979445,0.5625007926133649,0.5625008068341444
0.9936720725473279,1.4004243827517087,0.012655842024837494,0.012655854905344155
-0.5312571095567739,19.686348965151335,3.062514207532202,3.062514219113548
-0.031151711035524898,4.037324394986045,2.0623034079948974,2.0623034220710497
-0.6229915300912489,8.895893523005745,3.2459830485425725,3.245983060182498
0.8917882048443003,1.8123829634224884,0.2164235776303191,0.21642359031139935
0.5192134938669986,3.159817372871009,0.9615730014129168,0.9615730122660029
-0.6382422517079022,25.387691556717552,3.276484491738953,3.276484503415804
-0.25581738308602675,1.9606520722716814,2.511634737424741,2.5116347661720537
0.005692216648306116,4.500399509372662,1.9886155514842432,1.9886155667033878
-0.10616990397536709,5.033162821267061,2.212339794398795,2.2123398079507344
-0.005496131059363215,9.709385276980735,2.010992250917263,2.0109922621187266
-0.5503987775789098,16.537825373342624,3.100797543900555,3.1007975551578193
-0.7926243824475343,8.873552927947093,3.585248752949525,3.5852487648950686
0.5131058875798733,1.2254838627043634,0.9737882079130548,0.9737882248402534
-0.10104884941720234,8.579148900819215,2.202097686586412,2.2020976988344048
-0.7842148667957033,9.970314366927589,3.568429719759922,3.5684297335914064
-0.3336513442826138,13.047669160029153,2.6673026761020355,2.6673026885652273
-0.45468612539568665,8.977061114832178,2.9093722380553704,2.9093722507913733
-0.3557857869761412,4.572123035562649,2.711571557828088,2.7115715739522823
-0.40655723726573256,2.393432421803701,2.8131144496031886,2.8131144745314653
-0.9260593046402619,8.418427743568659,3.852118596378848,3.8521186092805237
-0.4689906564596679,18.20257363148979,2.937981297338626,2.937981312919336
-0.2539052384417413,10.757754525824254,2.507810467238858,2.5078104768834826
-0.6308328027944599,10.296852353479178,3.261665592960928,3.2616656055889197
-0.12193437191130344,10.957394789088092,2.2438687330158698,2.243868743822607
0.3477448768158151,8.732792750227992,1.304510236336544,1.3045102463683698
0.08209883180199959,5.410695779571342,1.8358023258020295,1.8358023363960008
-0.39701006901301417,5.5228565838211585,2.794020122593195,2.7940201380260286
