observed,raw_prediction,affine_prediction
16.122757364155547,7.600985822927328,14.451478832339944
2.3330049060574547,1.0124421952565066,2.999385640694821
11.254296540177336,4.42379002945286,8.928931761063211
8.296691181616211,4.611625155624825,9.255423546068847
8.642052123668662,3.9372888496454905,8.08330377954692
9.353208510730703,3.3846216275077667,7.1226671214989645
3.9400416125582467,2.028724506138143,4.765870070479407
9.304202867067431,5.410271205514754,10.64361637096968
7.404360771175175,3.582747452404122,7.467046021997609
19.968998549934646,9.735417477135346,18.161511215297516
10.677359839683765,6.492762145993379,12.52518350174017
8.942107616975214,4.602855367186501,9.240180050671034
9.15613774554595,3.758708423446075,7.77289835482601
7.9958609616731495,3.1570923081574147,6.72717957276538
6.834548346384636,3.712816255204124,7.693129377465641
8.827597068296036,5.2358833689250055,10.340498433383646
11.445836165520358,5.7935467288588285,11.309819292200785
9.2843391802799,5.1515414242625415,10.193896716096305
12.873276108879292,5.794637018827454,11.311714415468115
9.400593612800261,5.000575652438453,9.931490608558805
10.072778695229994,4.652064465389979,9.325714458629758
14.637462553638436,6.594497098617707,12.702017446256871
11.635316568062933,4.620329448569763,9.27055319832677
8.484313793157945,3.1359551194834374,6.6904392750329436
9.451483076206795,4.395027877011563,8.87893788248181
11.621575395264406,4.762550685683533,9.517759706062037
15.805264102296558,6.555109064822765,12.633553843502401
9.19113901797426,5.213293577562013,10.301233246646122
9.269323962762686,4.622064847926381,9.273569639634564
13.006940803827074,8.534077031948867,16.073361919998444
7.340620170518239,4.677321728545873,9.369616198949485
9.124839302680408,4.143385628928524,8.44153765583706
12.647616902369451,6.681452634623704,12.853162063056224
11.741050048572697,5.9818631297810665,11.637147620698032
10.274550109847057,4.561275180324957,9.167906085167559
12.010313064485437,6.686201199462126,12.861415936769346
1.515513079468711,0.9859423454960754,2.9533240577151636
13.06392045250024,3.7788631791108096,7.807931004402465
7.121065720575575,4.483678095542121,9.033028167291924
4.994140472032091,2.503848893918617,5.5917231078082175
10.829337278562999,6.520564905308833,12.573509779694561
12.10163465604817,5.320916097045747,10.488300858594696
8.665697632951648,3.5211956557523716,7.360057747926146
6.770782479697577,4.947082324632593,9.838509426406338
10.0783745006021,4.1709511401325585,8.489451553205534
9.841758075271363,5.099418183310591,10.103296995343854
14.216794498054277,7.846499555859099,14.878226579376914
12.24222396243805,5.988487459703932,11.648661917012358
10.58144693879386,5.168110843263315,10.222697395161603
13.334899615671976,6.415898596059649,12.391580601520333
9.383430850282622,5.424615261904115,10.668548963026483
7.222301279054896,3.2434707838781223,6.877321153303947
11.752174933075743,6.189382772666912,11.997854694025218
11.74761525596707,6.160706435938405,11.94800997883951
9.355513266619432,6.6083749269538075,12.726139648731966
7.651574266108101,3.791409282500431,7.829738425485104
10.687461715639788,4.543120798895584,9.136350451674797
2.518317164626028,2.5958764842557405,5.751683882191957
12.070374310488436,5.510423924455998,10.817700104117431
11.474104782234974,5.820934846000693,11.357424846262088
5.083428568328535,3.139432645355617,6.696483850680481
10.184060529514515,6.00833938086629,11.68316818486641
7.107701009376279,3.317610415614463,7.0061893857723385
12.271663134274451,5.8348416306232505,11.38159738005617
3.897498179669716,0.5173091524975431,2.1387539034890337
7.256516386016234,3.1905154373829503,6.785275081010886
12.128739963226202,7.080567034521325,13.5468958470383
13.469203145296472,5.8424765264031,11.394868224558456
3.525983859621376,1.8492120895345856,4.453844676070943
8.50588046574609,3.428026440710436,7.198112621119743
10.98406027762773,5.857491542799829,11.420967067757617
8.172351586150388,4.411332765157566,8.907278758566042
14.771920693969431,5.959274789883435,11.597884956872631
6.426319955146658,4.10448828133012,8.373926955388193
11.063595838860778,5.633523039418829,11.031668868085646
6.854783444366467,4.34514008129233,8.792223774176758
14.217888829404655,6.173971925020108,11.971067823756616
9.935046312833325,6.364425531321737,12.302111005878217
8.883248307998151,4.88119340794679,9.723982444902672
4.845445150802151,2.8446664467399017,6.184126315076285
15.045476635200043,6.603123228794151,12.717011237335221
12.258335778092164,5.707472413886291,11.160206398642245
12.260691512528085,6.591310200466843,12.696478034714888
13.413643776753343,6.150284157022635,11.929894152921408
11.047679734369089,6.281586992714126,12.158122483132496
8.082260168270736,4.697445005357567,9.404594132525112
7.599276318909695,5.116906666613095,10.133695176167862
7.599400061916985,4.691043407479734,9.39346698521983
14.110217024001134,6.593735396531787,12.700693468794599
5.6188563964137614,1.7200706048402636,4.229373168981656
8.210891464687634,4.52321305027271,9.10174714548927
9.036268242141414,5.2457681231672915,10.357679943161276
10.673857076047282,5.3998566555286,10.625513979344074
11.726048165523427,6.135564639609316,11.904308940971774
6.252708972713372,3.1237875108073894,6.669289746950235
4.809959646182434,2.619601792904133,5.792922805540786
9.986757302134098,4.2407916857343935,8.610847188111622
13.640691475858244,7.5457969126013404,14.355550417819908
12.271174177889574,6.035185082030329,11.729830920806176
10.64695235109988,4.864792072801828,9.695473926304016
9.048533067947934,3.553931221395462,7.416958144980725
10.879701087400674,5.2292346139738175,10.328941681905272
9.269994742773473,5.862102850679429,11.42898236378613
12.451619741477785,6.350185213724966,12.277358730806087
7.616657983339355,3.4670459349156038,7.265935634699211
10.402719841259017,6.304683904691768,12.198269138198464
9.667659591665219,6.009871956264522,11.685832081058896
11.630078168590458,6.436652204411626,12.427654166535758
10.67391557094813,5.900619722993781,11.49593172864153
17.650103908923718,8.984562987620741,16.856388858488252
14.495964274406449,7.232992946839106,13.811839945663305
14.490211496555531,7.41608525264153,14.130087841892808
3.881488487216073,1.9285751262614137,4.591792141236153
8.979050125892869,5.791266298878568,11.305855488039077
8.17416815226121,4.4546114129264645,8.982504959600249
11.598164799667117,7.25863536607754,13.856411157659906
3.1629205328340193,0.6313698342362992,2.337012218314307
13.523496037027563,6.973725509316927,13.361185745910714
13.200949932685942,7.065549205437051,13.520792114874034
6.093787425262616,3.163168881343878,6.737741767743488
7.064354414135762,4.187697211634518,8.518559286609463
7.5964839676564555,4.637254705728776,9.29997238915728
10.129887700849435,5.513860290175693,10.823673135895993
11.922913194068414,5.337437872759725,10.51701872491849
16.143658166071997,7.3439130024643475,14.004639278205904
9.407663710336987,5.578297057559337,10.935676016463807
12.302507676710858,6.942859138059595,13.30753435038192
10.466253430178304,5.265682846957746,10.392295373463098
15.27977885172476,7.173537523921908,13.70849555235356
12.226473583634707,6.050986516451595,11.757296702286927
14.105651352623438,7.47239270892288,14.227960493750237
6.766974430649612,2.8635589979048985,6.216965022504858
9.423277865422147,3.7060584790097435,7.681383127137829
7.558682734473878,4.1229250667405095,8.405973458622594
14.514842212024922,5.920713870407158,11.530859029998112
11.972919711453319,5.319480304849256,10.485805189298526
9.084566722667452,4.7028632797058885,9.414012083787403
8.642596338788795,4.843042479847982,9.657669157987435
11.453994634620104,4.7239243854638255,9.450620135504025
7.89551340946134,4.799489721188697,9.581966502119055
7.208233371363534,2.4643216507893038,5.5230175337835465
11.443823476814597,6.013862230146465,11.692767906476258
17.38939609631568,6.69357303759868,12.874229539001405
9.26159933780556,3.6847010213690385,7.644259961676688
8.332402657619337,4.846738606709627,9.664093702114291
6.486529497923371,3.2695220203416415,6.922602964368355
5.994967127321852,2.7615402127284527,6.039637725128805
11.574949703692678,5.2741584740452865,10.407027562661405
12.552409098335659,6.392989714658561,12.351760777967863
10.02752416264747,4.967772228154694,9.874472260782381
10.997727966028625,5.375584966044854,10.58332534622656
10.347749732521311,5.982921013253938,11.638986415551928
10.415964538141662,4.593273341478012,9.223524738423045
5.421522842251457,2.791062194040194,6.090952325181561
8.625645180852336,4.0323140892678815,8.248475016350088
10.334437922769844,6.068912897657262,11.788456029713107
7.650499658308943,4.853324389786039,9.675540996963228
8.570710768420547,5.4579455508628145,10.726483097917297
7.542639459016796,3.99005529798899,8.175021512322337
8.999509977404676,4.474361949490957,9.0168350024904
12.559324822975409,6.705948326012214,12.895740052431119
8.780258948033206,4.196574235340816,8.533989176505314
9.538387959408686,5.479888270463357,10.764623555648832
12.441155078314354,6.555896232589825,12.634922084973548
11.934310642470749,5.215069846438062,10.304320726649518
15.085622676878899,6.967693335359439,13.350700724908615
3.7285447656142354,2.396017112180996,5.404291759809854
12.570576833569318,7.414903037530223,14.128032935923848
8.553147739680753,6.491517767140362,12.523020543824764
10.404075456453642,5.0816883833132644,10.072479361992249
12.51315815469719,6.016515005005913,11.697378914101563
13.249759467074034,4.474636222998511,9.017311739982933
13.118052070926508,6.416446668074478,12.392533250868087
10.465320073234759,5.1805016514340405,10.244234884766286
14.828988049054942,6.073320186195475,11.79611670283214
9.15107731835159,5.288906313550414,10.4326620035838
9.577054260787639,3.578218655353041,7.459174144871804
12.398053566682258,5.787339065234136,11.299029238078083
8.345882776058609,4.449438520201916,8.973513526455129
16.48271877610374,6.593887556189461,12.700957950093983
13.057619696063867,6.908440472190941,13.247708417469449
16.526725967861182,8.455139786522318,15.936154557946539
9.920232438532661,3.858956292874303,7.947147476913374
8.85073434921608,3.4140228608177416,7.173771839452265
10.501144006500777,5.6822651895835845,11.116391634996315
12.203729507818572,5.857094200414643,11.420276414059124
8.237716939377965,3.3259642639755995,7.020709901283356
11.139105240917342,5.219460710070652,10.311952850280155
9.949587163237497,4.893821520791589,9.745932413409502
14.847045281729331,6.824386965685526,13.101608058424722
8.011894563097403,4.866748744273882,9.698874978996342
13.138485315186157,6.562752725974198,12.646839923822782
8.068409393379973,5.642934802360202,11.048028232520844
7.118097420677733,4.946727361881265,9.837892436258365
7.86910171787313,4.690419704983668,9.392382876270652
6.429442414473258,4.433440465492881,8.945705982972612
10.439051080199356,6.234676168703359,12.076582895838591
13.093782388235994,6.802308824686315,13.063232213547659
10.492944635604395,4.2165840310626885,8.568769859202815
11.872975336554626,6.436723863825306,12.427778723695868
14.896522586725396,7.016427104290035,13.435408923702251
10.810079341536555,6.6190805394539405,12.744747960212255
10.585487082889284,5.308974182440522,10.467543628063304
9.174815596119176,5.090720199028262,10.08817830869475
5.175273144966153,3.3338211828530655,7.034366662514478
12.27921679560425,7.256667122031218,13.85298998971807
4.730618657122063,3.0339933173841738,6.513211024661375
11.958029309151485,5.567579802577008,10.91704746822125
9.957038992798136,5.230089036921308,10.330426825174058
13.380344352431305,6.000531126908938,11.669596012162252
9.796689218468615,5.048307076952937,10.014456549531573
7.530399526126999,4.006182185981188,8.203052991601341
11.073730800257758,5.646790372503137,11.054729918216356
8.319291592875622,5.86634386661472,11.436354024727134
9.457129526014558,4.458299353925123,8.988915275200885
10.125612360586,5.079823510214023,10.06923787165235
9.596350864762993,4.67894694789394,9.372441127261832
9.43359317507855,5.311526502158438,10.471980026289716
7.502665035138846,3.0558063074719453,6.551125988785533
9.43259864772157,4.218855871120981,8.57271873250993
3.5849781786369395,2.4023995898349573,5.415385672670927
9.528003714324308,5.248119765959577,10.36176752820778
6.405832042204234,3.5253078485009417,7.3672054906201225
13.360791071041065,5.944087411285324,11.571486516660153
13.809780241963761,5.830450173768405,11.373964225296815
4.146922658436232,3.068171170882993,6.572618381655267
10.43475037109767,6.3276590226485245,12.238204092992538
9.620908233499732,5.106663687108921,10.115891005402528
6.859853109757394,3.8944492640886703,8.00884074889661
11.594959427946998,5.993082176176058,11.656648374141819
8.614931366035762,3.6918502131196855,7.656686563790925
4.697202712940188,2.62954117644155,5.810199271019432
9.199970043829097,4.465646880570741,9.001686619617626
9.555240645099715,5.058288620145433,10.03180629619741
10.319293054724422,5.102096669410155,10.107952693804423
6.306301003801703,2.549400359952731,5.6708998824519865
11.847042780764768,6.639000356365983,12.779372243290405
12.206371264596674,7.236475261435053,13.817892844988114
6.562518169435269,3.4144495765902225,7.174513549467249
8.02343329305047,4.528446028631984,9.110843018451025
9.75898805851193,5.117324488993658,10.134421427842007
8.302224018962901,4.948620500635697,9.841183057473867
15.231263829549057,5.908679053456019,11.50994031820724
10.625116348474739,6.540454318407456,12.60808121538726
6.968253890937403,3.4130196914218223,7.172028147665689
7.635673217125653,5.065650200690621,10.044602068860616
9.827589225232837,4.995572605727711,9.922794398833041
16.887336424775825,7.443290062578009,14.177374774523122
9.4652070345308,4.6737206547163614,9.363356874367895
10.38242925771942,5.870710059746982,11.443943266518504
11.542136134474527,4.926233550487394,9.802270445846263
9.879622191210874,4.651706545238457,9.325092327979641
16.841982617700126,7.35104886796904,14.017042716868671
8.405425158924519,2.9898113472239456,6.436414684186312
12.232609375437358,6.93338400794607,13.291064842218184
10.481313906950714,5.655636628814284,11.070106328755243
11.86358911964925,5.728383630652045,11.196553915891178
6.470071124740786,4.518958614894887,9.094352159104108
15.304338085321573,6.3565913528558555,12.28849377163931
9.635417478509616,4.7954071400106155,9.574870229747498
10.102489786202549,6.421318183762059,12.401000835632107
7.195071214393749,4.661761616659924,9.342569880148178
7.810914195450252,2.3440053524517226,5.313885813800862
11.692718299504092,3.011422277881747,6.4739784320853015
12.959499658332039,5.353476773657755,10.544897266544044
12.259764072261202,6.752932275855754,12.977406745789574
13.62691074906571,6.072807668658675,11.795225853666455
12.143466736568792,5.683191442807042,11.1180016324151
10.085385500070554,5.520771353731926,10.835685827679193
12.50957796833354,5.295669344154154,10.44441738703557
11.780809721223937,5.882626204871991,11.464655704982695
9.698274200375646,5.5129882607985685,10.822157389434098
12.178218155620504,6.244897838432346,12.094350026319285
13.857092183587207,6.859593244615384,13.16280300681096
10.7037139718026,4.799848696759036,9.582590467280003
8.931384707707531,4.9839835992158354,9.90265058707847
12.156134118883966,5.520349589218941,10.834952723858288
15.702165213497754,8.324823645848426,15.709641284041037
9.368313870512685,6.803399739158958,13.065128422317128
9.723071133652056,4.2973037476254135,8.709075481919971
9.590807403896125,3.0967213033394563,6.622243730746385
13.669052224488961,6.127268972731863,11.889889555514804
4.4884052292605405,3.0968381775686726,6.622446879521036
11.097536112242384,6.279119506457242,12.153833540968668
13.57679174728261,7.293929109714072,13.917758135694639
7.559850487295304,3.396779101866162,7.143799034285069
14.466932224487417,6.152184616991628,11.933197499746113
11.605927025410859,6.656211545132729,12.809288435522625
8.352892248234886,3.4672467373488693,7.266284666034331
10.61241945813316,6.1171528642249715,11.872305909734399
5.396523636201387,2.977099112717789,6.414318496854845
8.303286891443577,4.93443762735435,9.816530631122596
15.480711452647935,7.757216352070201,14.723036050479928
7.3185878552850845,4.5487571269628955,9.146147420160283
15.533715195733507,7.869827436048288,14.918774699414874
9.755279235429175,4.110598910042587,8.384548345095748
12.983988651929332,6.4316123476607645,12.418893974231498
10.131691067948424,5.063862356231957,10.041494468378653
3.2755553691290196,2.5569485705697135,5.68402005229541
8.282046067046503,5.299417142211095,10.450931745145198
