dataset,species,trait,gblup_r,n,p
easygese:barley,barley,BaMMV,0.6492572004338495,1150.4,20000.0
easygese:barley,barley,BaYMV,0.5114678396945952,1150.4,20000.0
easygese:bean,bean,DF,0.7429062321562501,355.2,16707.0
easygese:bean,bean,DPM,0.6664656479245984,355.2,16707.0
easygese:bean,bean,PHI,0.4209955154739277,355.2,16707.0
easygese:bean,bean,X100SdW,0.6484046649682411,355.2,16707.0
easygese:bean,bean,Yd,0.3661678514306849,355.2,16707.0
easygese:lentil,lentil,DTF,0.7981718078720176,259.2,20000.0
easygese:lentil,lentil,DTM,0.8280105058161071,259.2,20000.0
easygese:lentil,lentil,DTS,0.8438354915805746,259.2,20000.0
easygese:lentil,lentil,REP,0.6824462567035059,259.2,20000.0
easygese:lentil,lentil,VEG,0.8193496127628566,259.2,20000.0
easygese:maize,maize,Ear_Height_cm,0.8188839704083879,3536.0,20000.0
easygese:maize,maize,Grain_Moisture,0.8755688720815822,3536.8,20000.0
easygese:maize,maize,Plant_Height_cm,0.840837575117255,3536.0,20000.0
easygese:maize,maize,Pollen_DAP_days,0.9259280015013651,3532.8,20000.0
easygese:maize,maize,Silk_DAP_days,0.9261229716549545,3530.4,20000.0
easygese:maize,maize,Yield_Mg_ha,0.5854283853664392,3536.8,20000.0
easygese:oyster,oyster,daydead,0.2991909508898929,171.2,20000.0
easygese:oyster,oyster,mm,0.4568636729392817,297.6,20000.0
easygese:pig,pig,MS,0.3213515293006173,1367.2,20000.0
easygese:pig,pig,PFAI,0.29099944244931175,1367.2,20000.0
easygese:pine,pine,BA,0.8112157070581751,688.8,4421.0
easygese:pine,pine,BD,0.810531004391794,688.8,4421.0
easygese:pine,pine,BLC,0.790602767091142,688.8,4421.0
easygese:pine,pine,CWAC,0.7113220721975848,688.8,4421.0
easygese:pine,pine,CWAL,0.7615402718202862,688.8,4421.0
easygese:pine,pine,DBH,0.7139082368129708,688.8,4421.0
easygese:pine,pine,HT,0.6105955289898694,688.8,4421.0
easygese:pine,pine,HTLC,0.7856671345047435,688.8,4421.0
easygese:pine,pine,c5c6,0.8908890942422468,728.0,4421.0
easygese:pine,pine,density,0.9340841784627323,728.0,4421.0
easygese:pine,pine,gall,0.8886994269852044,645.6,4421.0
easygese:pine,pine,lateWood.4,0.8937107985520172,728.0,4421.0
easygese:pine,pine,lignin,0.8927551622117841,728.0,4421.0
easygese:pine,pine,rootnum,0.8656302591970382,740.0,4421.0
easygese:pine,pine,rootnumbin,0.8462283240270574,740.0,4421.0
easygese:pine,pine,rustbin,0.8477414499505885,645.6,4421.0
easygese:pine,pine,stiffnessTree,0.863636495648229,728.0,4421.0
easygese:rice,rice,Alkali_spreading_value,0.28507848417868675,276.0,20000.0
easygese:rice,rice,Amylose_content,0.657980119324321,275.2,20000.0
easygese:rice,rice,Awn_presence,0.16859097673272083,270.4,20000.0
easygese:rice,rice,Blast_resistance,0.5138021547792792,273.6,20000.0
easygese:rice,rice,Brown_rice_length_width_ratio,0.6221628081805053,276.8,20000.0
easygese:rice,rice,Brown_rice_seed_length,0.5456598112803029,276.8,20000.0
easygese:rice,rice,Brown_rice_seed_width,0.6635606177097555,276.8,20000.0
easygese:rice,rice,Brown_rice_surface_area,0.5067231921840322,276.8,20000.0
easygese:rice,rice,Brown_rice_volume,0.5996511455847415,276.8,20000.0
easygese:rice,rice,Culm_habit,0.6068722372741109,280.8,20000.0
easygese:rice,rice,FT_ratio_of_Arkansas_Aberdeen,0.35058575326181146,255.2,20000.0
easygese:rice,rice,FT_ratio_of_Faridpur_Aberdeen,0.15250942257893535,224.0,20000.0
easygese:rice,rice,Flag_leaf_length,0.3228682468107452,276.8,20000.0
easygese:rice,rice,Flag_leaf_width,0.6404698608101388,276.8,20000.0
easygese:rice,rice,Florets_per_panicle,0.416782456973964,276.8,20000.0
easygese:rice,rice,Flowering_time_at_Aberdeen,0.010653762042808624,260.0,20000.0
easygese:rice,rice,Flowering_time_at_Arkansas,0.4492821547056326,273.6,20000.0
easygese:rice,rice,Flowering_time_at_Faridpur,0.33863617932970286,224.8,20000.0
easygese:rice,rice,Leaf_pubescence,0.44569947284445854,212.0,20000.0
easygese:rice,rice,Panicle_fertility,0.34512259991706234,276.0,20000.0
easygese:rice,rice,Panicle_length,0.5216473890829051,275.2,20000.0
easygese:rice,rice,Panicle_number_per_plant,0.7335819853517592,272.8,20000.0
easygese:rice,rice,Pericarp_color,0.46080209650020204,276.8,20000.0
easygese:rice,rice,Plant_height,0.6054925040235062,281.6,20000.0
easygese:rice,rice,Primary_panicle_branch_number,0.4741228771786254,275.2,20000.0
easygese:rice,rice,Protein_content,0.37012085719053556,270.4,20000.0
easygese:rice,rice,Seed_color,0.09363614203241279,276.8,20000.0
easygese:rice,rice,Seed_length,0.47801066301028416,276.8,20000.0
easygese:rice,rice,Seed_length_width_ratio,0.6033501560992702,276.8,20000.0
easygese:rice,rice,Seed_number_per_panicle,0.2936352641993606,276.0,20000.0
easygese:rice,rice,Seed_surface_area,0.493639631464888,276.8,20000.0
easygese:rice,rice,Seed_volume,0.5846186189817552,276.8,20000.0
easygese:rice,rice,Seed_width,0.6537909903831187,276.8,20000.0
easygese:rice,rice,Straighthead_suseptability,0.591606558593293,243.2,20000.0
easygese:rice,rice,Year06Flowering_time_at_Arkansas,0.4867606786002435,246.4,20000.0
easygese:rice,rice,Year07Flowering_time_at_Arkansas,0.4351461536105738,269.6,20000.0
easygese:soybean,soybean,C13,0.37904739159859957,276.8,20000.0
easygese:soybean,soybean,Wilt,0.41769681709920625,276.8,20000.0
easygese:wheatG,wheatG,DTR,0.44108394437327,296.8,12546.0
easygese:wheatG,wheatG,EW,0.3685866544007216,296.8,12546.0
easygese:wheatG,wheatG,FHB,0.7001528813021698,296.8,12546.0
easygese:wheatG,wheatG,GH,0.5729130626262086,296.8,12546.0
easygese:wheatG,wheatG,GPE,0.3412412731199199,296.8,12546.0
easygese:wheatG,wheatG,GY,0.6290151625757943,296.8,12546.0
easygese:wheatG,wheatG,HAG,0.4656592009112033,296.8,12546.0
easygese:wheatG,wheatG,HD,0.6722027122224421,296.8,12546.0
easygese:wheatG,wheatG,PC,0.6578023763390684,296.8,12546.0
easygese:wheatG,wheatG,PH,0.7954372906062325,296.8,12546.0
easygese:wheatG,wheatG,SDS,0.7574346239445782,296.8,12546.0
easygese:wheatG,wheatG,SEP,0.4900177096657162,296.8,12546.0
easygese:wheatG,wheatG,STC,0.5736165316454992,296.8,12546.0
easygese:wheatG,wheatG,SW,0.7432481535161226,296.8,12546.0
easygese:wheatG,wheatG,TKW,0.4296451136638554,296.8,12546.0
easygese:wheatG,wheatG,ZEL,0.7750103710229368,296.8,12546.0
soynam:height,soybeanNAM,height,0.6795850689904339,4389.6,4401.0
soynam:oil,soybeanNAM,oil,0.7153163522174724,4389.6,4401.0
soynam:protein,soybeanNAM,protein,0.7324257988236006,4389.6,4401.0
soynam:yield,soybeanNAM,yield,0.7075921468132937,4389.6,4401.0
wheat,wheat,env1,0.5112406535897805,479.2,1279.0
wheat,wheat,env2,0.4944797738343505,479.2,1279.0
wheat,wheat,env3,0.38807594046067223,479.2,1279.0
wheat,wheat,env4,0.43060657815062087,479.2,1279.0
