metric,strategy,panel_balanced_mean,delta_vs_mse_raw,delta_ci_lo,delta_ci_hi,n_panels
pearson,"MSE training
raw output",0.5125588055561225,0.0,0.0,0.0,12
pearson,"Pearson training
raw output",0.517346989416532,0.004788183860409479,0.0008054347544782821,0.009084967246688653,12
pearson,"Pearson training
+ affine calibration",0.5172545668973983,0.004695761341275795,0.0007303713734300604,0.008842912406882446,12
nrmse,"MSE training
raw output",0.8359913907639595,0.0,0.0,0.0,12
nrmse,"Pearson training
raw output",1.1822027915213302,0.3462114007573707,0.1964846529925894,0.5674828845608159,12
nrmse,"Pearson training
+ affine calibration",0.8326994189815591,-0.003291971782400316,-0.006209867365733116,2.7624933876179373e-06,12
ndcg@10,"MSE training
raw output",0.7555382085874873,0.0,0.0,0.0,12
ndcg@10,"Pearson training
raw output",0.7573684138186333,0.0018302052311460482,-5.1337793233151066e-05,0.0035095974593055885,12
