metric,calibration,loss,model,weighting,n_tasks,n_panels,mean_delta,median_delta,ci_lo,ci_hi,panel_signflip_p,win_fraction,loo_panel_min,loo_panel_max
pearson,raw,pearson,pooled,panel_balanced,101,12,0.0047881838604094,0.0079204210313787,0.000774476536299,0.0091347188693699,0.05224609375,0.7722772277227723,0.0034153408202464,0.0059880912504779
pearson,raw,pearson,pooled,task_weighted,101,12,0.0100835279202591,0.0079204210313787,0.0028217949416627,0.0157749871104729,0.01953125,0.7722772277227723,0.0034153408202464,0.0059880912504779
pearson,raw,pearson,mlp,panel_balanced,101,12,0.0043797682302486,0.003045005506311,0.0011414101122617,0.0082540585818488,0.02734375,0.6237623762376238,0.0028962597627838,0.0051556454026075
pearson,raw,pearson,mlp,task_weighted,101,12,0.0047486162107967,0.003045005506311,0.0011038946503129,0.0076526139035669,0.0185546875,0.6237623762376238,0.0028962597627838,0.0051556454026075
pearson,raw,pearson,cnn,panel_balanced,101,12,0.0008348212524184,-0.001607249560557,-0.0102314797750973,0.0131433408292063,0.8994140625,0.495049504950495,-0.0038531329825162,0.0039760087467252
pearson,raw,pearson,cnn,task_weighted,101,12,0.0121663746482378,-0.001607249560557,-0.0065874202476419,0.02709486053585,0.45751953125,0.495049504950495,-0.0038531329825162,0.0039760087467252
pearson,raw,pearson,transformer,panel_balanced,101,12,0.0175606509386301,0.0131546016174061,0.0040702477225758,0.0369845128761917,0.01953125,0.7326732673267327,0.0094963634618651,0.0200520426880979
pearson,raw,pearson,transformer,task_weighted,101,12,0.0421917596934048,0.0131546016174061,0.0025578798424302,0.0798771176628912,0.02880859375,0.7326732673267327,0.0094963634618651,0.0200520426880979
pearson,raw,pearson,deepgs,panel_balanced,101,12,-0.0067275636593914,-0.0021837582069336,-0.0138583522532328,-0.0007984208769302,0.0751953125,0.3762376237623762,-0.0077029933315803,-0.004091605669584
pearson,raw,pearson,deepgs,task_weighted,101,12,-0.0075805730998871,-0.0021837582069336,-0.0120477519944849,-0.0001159738360677,0.13037109375,0.3762376237623762,-0.0077029933315803,-0.004091605669584
pearson,raw,pearson,dnngp,panel_balanced,101,12,0.0022437841473645,0.0037508905115485,-0.002733041100316,0.0073866846209965,0.423828125,0.6039603960396039,0.0005596537600035,0.003411995448846
pearson,raw,pearson,dnngp,task_weighted,101,12,0.0027832670267271,0.0037508905115485,-0.0039816013180408,0.0072440006654345,0.3134765625,0.6039603960396039,0.0005596537600035,0.003411995448846
pearson,raw,pearson,pnngs,panel_balanced,101,12,0.0095924734942842,0.0049726122248506,-0.0030705197011664,0.0236697730743144,0.20947265625,0.594059405940594,0.0043419752933841,0.0122021028529172
pearson,raw,pearson,pnngs,task_weighted,101,12,0.0040471254397956,0.0049726122248506,-0.0106732920848872,0.0241711674788555,0.67578125,0.594059405940594,0.0043419752933841,0.0122021028529172
pearson,raw,pearson,soydngp,panel_balanced,101,12,0.0056333526193117,0.002024582948963,-0.0018454485740469,0.0139806814806587,0.2138671875,0.5643564356435643,0.0030340849208241,0.0072267802746317
pearson,raw,pearson,soydngp,task_weighted,101,12,0.0122281255227391,0.002024582948963,-0.0027087577285463,0.0253490590229986,0.49267578125,0.5643564356435643,0.0030340849208241,0.0072267802746317
pearson,raw,hybrid,pooled,panel_balanced,101,12,0.0054806867421028,0.0066602097774023,0.0010476425387553,0.0100366715376162,0.04248046875,0.801980198019802,0.004161739007683,0.0068700763503664
pearson,raw,hybrid,pooled,task_weighted,101,12,0.0107614819814356,0.0066602097774023,0.0033885148240291,0.0161716402009065,0.01171875,0.801980198019802,0.004161739007683,0.0068700763503664
pearson,raw,hybrid,mlp,panel_balanced,101,12,0.0022513082243029,0.0014800025905921,-9.274451307614744e-05,0.0049877660188128,0.130859375,0.6039603960396039,0.0014571211172268,0.0027247205716947
pearson,raw,hybrid,mlp,task_weighted,101,12,0.0051620879227988,0.0014800025905921,0.0003464352222568,0.0086129778446748,0.08837890625,0.6039603960396039,0.0014571211172268,0.0027247205716947
pearson,raw,hybrid,cnn,panel_balanced,101,12,-0.0002299454869042,-0.0007650586640349,-0.0101992223687663,0.0117663565175208,0.97509765625,0.495049504950495,-0.0050255015200382,0.0021780550652355
pearson,raw,hybrid,cnn,task_weighted,101,12,0.0093696836404916,-0.0007650586640349,-0.0049539661885379,0.0258233255537085,0.4130859375,0.495049504950495,-0.0050255015200382,0.0021780550652355
pearson,raw,hybrid,transformer,panel_balanced,101,12,0.0190591497638942,0.0153820060124767,0.0042683807849838,0.0387915796633377,0.03076171875,0.7227722772277227,0.0111026302976436,0.021819911391266
pearson,raw,hybrid,transformer,task_weighted,101,12,0.0426020404773654,0.0153820060124767,0.0025021298597175,0.0804344461393672,0.03369140625,0.7227722772277227,0.0111026302976436,0.021819911391266
pearson,raw,hybrid,deepgs,panel_balanced,101,12,-0.0029565199930053,-0.0005761173187561,-0.0071453247253546,0.0005343989712003,0.2060546875,0.4653465346534653,-0.0037594773509957,-0.001494607402331
pearson,raw,hybrid,deepgs,task_weighted,101,12,-0.0029993926925523,-0.0005761173187561,-0.0056450556706275,0.0006058363249766,0.2333984375,0.4653465346534653,-0.0037594773509957,-0.001494607402331
pearson,raw,hybrid,dnngp,panel_balanced,101,12,0.0010733577765535,0.0024432894091045,-0.0026864612545888,0.0049570570044298,0.60498046875,0.6138613861386139,-7.714817807707334e-05,0.0021364333881023
pearson,raw,hybrid,dnngp,task_weighted,101,12,0.0025997220045256,0.0024432894091045,-0.0017526276372864,0.0050475662494268,0.376953125,0.6138613861386139,-7.714817807707334e-05,0.0021364333881023
pearson,raw,hybrid,pnngs,panel_balanced,101,12,0.009087365705681,0.0082162262644987,-0.0048595272360071,0.0233604063470532,0.2607421875,0.6039603960396039,0.0040629302928414,0.0137349806461739
pearson,raw,hybrid,pnngs,task_weighted,101,12,0.0073995200119216,0.0082162262644987,-0.0029317452567817,0.0221723857126764,0.23876953125,0.6039603960396039,0.0040629302928414,0.0137349806461739
pearson,raw,hybrid,soydngp,panel_balanced,101,12,0.0100800912041978,0.0048003051044118,0.0032527235529856,0.0175066096385419,0.02734375,0.6138613861386139,0.0078712448534243,0.0115307149075403
pearson,raw,hybrid,soydngp,task_weighted,101,12,0.0111967125054986,0.0048003051044118,0.0014204698003847,0.0197184006068373,0.0263671875,0.6138613861386139,0.0078712448534243,0.0115307149075403
pearson,raw,ccc,pooled,panel_balanced,101,12,0.0078197812627791,0.0082747564575189,0.0021833902783132,0.0139418286168621,0.02783203125,0.7524752475247525,0.0059743872507548,0.0092129542353434
pearson,raw,ccc,pooled,task_weighted,101,12,0.013614849389742,0.0082747564575189,0.0020492350158541,0.022316857429843,0.0234375,0.7524752475247525,0.0059743872507548,0.0092129542353434
pearson,raw,ccc,mlp,panel_balanced,101,12,0.0028673202755757,0.0020754969934866,-0.0011601299225375,0.0073784257441571,0.234375,0.6336633663366337,0.0015216796685159,0.0038510997370456
pearson,raw,ccc,mlp,task_weighted,101,12,0.0047917715583243,0.0020754969934866,-0.0005990750654462,0.0089214370779858,0.20068359375,0.6336633663366337,0.0015216796685159,0.0038510997370456
pearson,raw,ccc,cnn,panel_balanced,101,12,0.0068926985485117,0.0025268479441711,-0.0031089218183979,0.0186441752577572,0.2880859375,0.5643564356435643,0.0023595563137853,0.0093926731544719
pearson,raw,ccc,cnn,task_weighted,101,12,0.0144065153899051,0.0025268479441711,-0.0016189297951938,0.0306175478227691,0.2333984375,0.5643564356435643,0.0023595563137853,0.0093926731544719
pearson,raw,ccc,transformer,panel_balanced,101,12,0.0200689459788269,0.0160732988288623,0.0053771552558145,0.0394988079833858,0.021484375,0.7128712871287128,0.0121158901260521,0.0224582152195937
pearson,raw,ccc,transformer,task_weighted,101,12,0.0441451597979502,0.0160732988288623,0.0045613272246927,0.0814362523092642,0.0146484375,0.7128712871287128,0.0121158901260521,0.0224582152195937
pearson,raw,ccc,deepgs,panel_balanced,101,12,-0.0036795127348606,-0.0021427036926283,-0.0070735617825448,-0.0006713488326905,0.06103515625,0.4158415841584158,-0.0041930353661858,-0.0026006679537516
pearson,raw,ccc,deepgs,task_weighted,101,12,-0.0061426202769616,-0.0021427036926283,-0.0099684315421904,-0.0008816375417763,0.05126953125,0.4158415841584158,-0.0041930353661858,-0.0026006679537516
pearson,raw,ccc,dnngp,panel_balanced,101,12,0.006769108121009,0.0029589776997057,5.903776988063727e-05,0.0138145892131279,0.08935546875,0.6732673267326733,0.0048494710195608,0.008125093071532
pearson,raw,ccc,dnngp,task_weighted,101,12,0.0073121278067361,0.0029589776997057,0.000128970348424,0.0127802853631465,0.0888671875,0.6732673267326733,0.0048494710195608,0.008125093071532
pearson,raw,ccc,pnngs,panel_balanced,101,12,0.0014207685384132,0.0020561889967609,-0.0104837172590227,0.0109604927008655,0.814453125,0.5247524752475248,-0.0011599572350076,0.0063174941027955
pearson,raw,ccc,pnngs,task_weighted,101,12,0.0036469087385944,0.0020561889967609,-0.0019550929997272,0.0079776232277361,0.19970703125,0.5247524752475248,-0.0011599572350076,0.0063174941027955
pearson,raw,ccc,soydngp,panel_balanced,101,12,0.0203991401119783,0.0091676795757192,0.010226713020651,0.0324269978762716,0.00048828125,0.7623762376237624,0.016461240551765,0.0222038232982461
pearson,raw,ccc,soydngp,task_weighted,101,12,0.027144082713646,0.0091676795757192,0.0067068176863635,0.0441925327254467,0.00048828125,0.7623762376237624,0.016461240551765,0.0222038232982461
spearman,raw,pearson,pooled,panel_balanced,101,12,0.0036615941990333,0.0063538844607736,-9.23763299417017e-05,0.007842812425764,0.109375,0.7623762376237624,0.0022861326471138,0.0047436729214232
spearman,raw,pearson,pooled,task_weighted,101,12,0.0089021341957725,0.0063538844607736,0.0020393495291513,0.0146198871460487,0.0234375,0.7623762376237624,0.0022861326471138,0.0047436729214232
spearman,raw,pearson,mlp,panel_balanced,101,12,0.0039291161160252,0.0032344897246887,0.0016892394020253,0.0063638651785669,0.00537109375,0.7029702970297029,0.0031427967936206,0.0043693546560371
spearman,raw,pearson,mlp,task_weighted,101,12,0.0049413321564608,0.0032344897246887,0.0016672653344488,0.0076080339183336,0.00439453125,0.7029702970297029,0.0031427967936206,0.0043693546560371
spearman,raw,pearson,cnn,panel_balanced,101,12,-0.0015214833315565,0.0002845669971752,-0.0127269403882972,0.0102269636570894,0.80029296875,0.5346534653465347,-0.0057646366582535,0.0019982555535346
spearman,raw,pearson,cnn,task_weighted,101,12,0.0105749299056898,0.0002845669971752,-0.0071722730740061,0.0233050108852062,0.46337890625,0.5346534653465347,-0.0057646366582535,0.0019982555535346
spearman,raw,pearson,transformer,panel_balanced,101,12,0.0136440691524372,0.0137829369035749,-0.0011628260290335,0.0327780996149659,0.14306640625,0.7227722772277227,0.0059974332959264,0.0174002296714497
spearman,raw,pearson,transformer,task_weighted,101,12,0.0385761766448536,0.0137829369035749,0.001690535566271,0.0729531670549978,0.05224609375,0.7227722772277227,0.0059974332959264,0.0174002296714497
spearman,raw,pearson,deepgs,panel_balanced,101,12,-0.0026390298490443,-0.0023406185072175,-0.0068638909903856,0.0012692056748521,0.26171875,0.3564356435643564,-0.0036595439979436,-0.0013835964751664
spearman,raw,pearson,deepgs,task_weighted,101,12,-0.0063069911617548,-0.0023406185072175,-0.0101762604407351,0.0006743896000087,0.25634765625,0.3564356435643564,-0.0036595439979436,-0.0013835964751664
spearman,raw,pearson,dnngp,panel_balanced,101,12,-0.0007516134666418,0.0018285131287572,-0.006425855579392,0.0049654795716179,0.8095703125,0.5544554455445545,-0.0026616218844949,0.0010613379340638
spearman,raw,pearson,dnngp,task_weighted,101,12,0.0006989399692162,0.0018285131287572,-0.0054686002764947,0.0045676303329577,0.83349609375,0.5544554455445545,-0.0026616218844949,0.0010613379340638
spearman,raw,pearson,pnngs,panel_balanced,101,12,0.0065708124008246,0.0052300259265887,-0.006521101086418,0.0198037692917813,0.376953125,0.5742574257425742,0.0019734613818297,0.0104768050173839
spearman,raw,pearson,pnngs,task_weighted,101,12,0.001287027988075,0.0052300259265887,-0.0122037499502553,0.0190455550272298,0.91943359375,0.5742574257425742,0.0019734613818297,0.0104768050173839
spearman,raw,pearson,soydngp,panel_balanced,101,12,0.0063992883711893,0.0021324081229099,-0.0007134366202259,0.0145744934656407,0.15185546875,0.5742574257425742,0.0035828219706041,0.0079489095289706
spearman,raw,pearson,soydngp,task_weighted,101,12,0.012543523867867,0.0021324081229099,-0.004771267532081,0.0276203841232495,0.58740234375,0.5742574257425742,0.0035828219706041,0.0079489095289706
spearman,raw,hybrid,pooled,panel_balanced,101,12,0.0046506593818696,0.0060998659446234,0.0005350151500422,0.0089642628149828,0.0625,0.7722772277227723,0.0034183000177174,0.0058484091866798
spearman,raw,hybrid,pooled,task_weighted,101,12,0.009509972636964,0.0060998659446234,0.002779969746884,0.0146493040436954,0.01416015625,0.7722772277227723,0.0034183000177174,0.0058484091866798
spearman,raw,hybrid,mlp,panel_balanced,101,12,0.001669363539955,0.0022476999985707,-0.0012217781152589,0.004435256552608,0.283203125,0.6435643564356436,0.0010265139478871,0.0026577458285245
spearman,raw,hybrid,mlp,task_weighted,101,12,0.004348483125758,0.0022476999985707,-6.171027107743355e-05,0.0069054912145023,0.13818359375,0.6435643564356436,0.0010265139478871,0.0026577458285245
spearman,raw,hybrid,cnn,panel_balanced,101,12,-1.8772830027051952e-05,-0.0004598814921775,-0.0101676721205123,0.0111406788828201,0.9970703125,0.4554455445544554,-0.0041131720810609,0.0026083157990965
spearman,raw,hybrid,cnn,task_weighted,101,12,0.0086349816144827,-0.0004598814921775,-0.004186572566517,0.0227684039270077,0.3505859375,0.4554455445544554,-0.0041131720810609,0.0026083157990965
spearman,raw,hybrid,transformer,panel_balanced,101,12,0.0166894850095755,0.0164165527564031,0.0016705379134562,0.0353778541215368,0.0703125,0.7326732673267327,0.0093606431938536,0.0204874831331402
spearman,raw,hybrid,transformer,task_weighted,101,12,0.0392398128683694,0.0164165527564031,0.0025962483637366,0.073388760674898,0.03369140625,0.7326732673267327,0.0093606431938536,0.0204874831331402
spearman,raw,hybrid,deepgs,panel_balanced,101,12,-0.0007131049841795,-0.0013788614037164,-0.002915153182082,0.0014621130022536,0.55517578125,0.3861386138613861,-0.0012865535322936,-0.000151520981211
spearman,raw,hybrid,deepgs,task_weighted,101,12,-0.0030847756650476,-0.0013788614037164,-0.0053767917046539,0.0011346870895461,0.37939453125,0.3861386138613861,-0.0012865535322936,-0.000151520981211
spearman,raw,hybrid,dnngp,panel_balanced,101,12,-0.0015573404035711,-0.0005125718795879,-0.0062879622862609,0.0023217805424677,0.548828125,0.4752475247524752,-0.0024237953541434,0.0001797583057572
spearman,raw,hybrid,dnngp,task_weighted,101,12,0.0013393372414865,-0.0005125718795879,-0.0029624381345621,0.0034788540217353,0.59912109375,0.4752475247524752,-0.0024237953541434,0.0001797583057572
spearman,raw,hybrid,pnngs,panel_balanced,101,12,0.0048023248892577,0.0090163328881017,-0.0105922524451183,0.0191913340615957,0.5576171875,0.6039603960396039,0.0002344274503905,0.0093914775748308
spearman,raw,hybrid,pnngs,task_weighted,101,12,0.0047551415449319,0.0090163328881017,-0.0045309111013211,0.0178047655679095,0.39306640625,0.6039603960396039,0.0002344274503905,0.0093914775748308
spearman,raw,hybrid,soydngp,panel_balanced,101,12,0.0116826604520768,0.0009715112738635,0.0042280435377211,0.0194511928964833,0.02001953125,0.594059405940594,0.0095809557386486,0.0132601836338349
spearman,raw,hybrid,soydngp,task_weighted,101,12,0.0113368277287672,0.0009715112738635,1.477345947424883e-06,0.0211292726064261,0.09912109375,0.594059405940594,0.0095809557386486,0.0132601836338349
spearman,raw,ccc,pooled,panel_balanced,101,12,0.0068071347645371,0.0070559428865105,0.0017205837464445,0.012290511417248,0.02880859375,0.7326732673267327,0.0051129899823862,0.0081626323203252
spearman,raw,ccc,pooled,task_weighted,101,12,0.012264849119117,0.0070559428865105,0.0017128794642969,0.0201943406374339,0.0234375,0.7326732673267327,0.0051129899823862,0.0081626323203252
spearman,raw,ccc,mlp,panel_balanced,101,12,0.0028520817423847,0.0010991966891357,-0.0003995545098886,0.0066138250800807,0.18017578125,0.5544554455445545,0.0016261696251104,0.0034891434153822
spearman,raw,ccc,mlp,task_weighted,101,12,0.0038281532121157,0.0010991966891357,-0.0007514147557912,0.0075932709612424,0.2958984375,0.5544554455445545,0.0016261696251104,0.0034891434153822
spearman,raw,ccc,cnn,panel_balanced,101,12,0.0093967953061747,0.0020103624456685,9.38390572084376e-05,0.0202869331453403,0.10986328125,0.5643564356435643,0.0053407873549059,0.0112585354857136
spearman,raw,ccc,cnn,task_weighted,101,12,0.0142383597556762,0.0020103624456685,0.0002707588837405,0.0303392864319997,0.12255859375,0.5643564356435643,0.0053407873549059,0.0112585354857136
spearman,raw,ccc,transformer,panel_balanced,101,12,0.0164198742982818,0.0153068338330207,0.0015613535404987,0.0353686436307033,0.0673828125,0.7128712871287128,0.0088896594621859,0.0198511782565853
spearman,raw,ccc,transformer,task_weighted,101,12,0.0408394822766112,0.0153068338330207,0.0034434523087228,0.074938564190962,0.03369140625,0.7128712871287128,0.0088896594621859,0.0198511782565853
spearman,raw,ccc,deepgs,panel_balanced,101,12,-0.000499057269888,-0.0008143619051534,-0.0041586995904772,0.0028924079866495,0.80712890625,0.4554455445544554,-0.0014876100489722,0.0005629240856704
spearman,raw,ccc,deepgs,task_weighted,101,12,-0.0046125753054321,-0.0008143619051534,-0.0089258438523546,0.0019044404664473,0.37451171875,0.4554455445544554,-0.0014876100489722,0.0005629240856704
spearman,raw,ccc,dnngp,panel_balanced,101,12,0.0032196229568087,0.0009538656999619,-0.0020333493511886,0.0087744264506197,0.2900390625,0.5643564356435643,0.0017131513405393,0.0042339959305037
spearman,raw,ccc,dnngp,task_weighted,101,12,0.0049160474487786,0.0009538656999619,-0.0016330751197889,0.0097860374868866,0.357421875,0.5643564356435643,0.0017131513405393,0.0042339959305037
spearman,raw,ccc,pnngs,panel_balanced,101,12,0.00015869409105,0.001798381225081,-0.0131373594470384,0.0098982241371548,0.986328125,0.5445544554455446,-0.00233823021886,0.0058488401028959
spearman,raw,ccc,pnngs,task_weighted,101,12,0.0018296371530301,0.001798381225081,-0.0036303083474225,0.0062848297869659,0.43310546875,0.5445544554455446,-0.00233823021886,0.0058488401028959
spearman,raw,ccc,soydngp,panel_balanced,101,12,0.0161019322269478,0.0108163713510901,0.0079117799137275,0.0255724768623345,0.00390625,0.7821782178217822,0.0128118556705248,0.0176510311872633
spearman,raw,ccc,soydngp,task_weighted,101,12,0.0248148392930396,0.0108163713510901,0.0052810335696056,0.0414224322764172,0.00341796875,0.7821782178217822,0.0128118556705248,0.0176510311872633
ndcg@10,raw,pearson,pooled,panel_balanced,101,12,0.001830205231146,0.0026773905445952,-9.733715188939888e-05,0.0034974599290346,0.08349609375,0.6534653465346535,0.0014432538078772,0.0025064905676704
ndcg@10,raw,pearson,pooled,task_weighted,101,12,0.0031145482765405,0.0026773905445952,0.0008132067882696,0.0049362706093242,0.01171875,0.6534653465346535,0.0014432538078772,0.0025064905676704
ndcg@10,raw,pearson,mlp,panel_balanced,101,12,0.0003291904803582,0.0005283826503775,-0.005666343096145,0.0062783871250791,0.88671875,0.5445544554455446,-0.001848646630772,0.0024897133902171
ndcg@10,raw,pearson,mlp,task_weighted,101,12,5.1070608532244e-05,0.0005283826503775,-0.002299922433902,0.0023686793533787,0.96337890625,0.5445544554455446,-0.001848646630772,0.0024897133902171
ndcg@10,raw,pearson,cnn,panel_balanced,101,12,-0.0020652254797221,0.0013894350873218,-0.0104223891574643,0.0059401862665283,0.64013671875,0.5643564356435643,-0.0040121873936975,0.0006581543023866
ndcg@10,raw,pearson,cnn,task_weighted,101,12,0.0060325660062602,0.0013894350873218,-0.0048183375083282,0.0116643358997997,0.42919921875,0.5643564356435643,-0.0040121873936975,0.0006581543023866
ndcg@10,raw,pearson,transformer,panel_balanced,101,12,0.0062826955488605,0.0015826237478565,-0.0009402525220062,0.0145561396014287,0.169921875,0.5544554455445545,0.0033314827890986,0.0082466240623183
ndcg@10,raw,pearson,transformer,task_weighted,101,12,0.0147241777313204,0.0015826237478565,-0.0007645921149886,0.0290326457115616,0.20849609375,0.5544554455445545,0.0033314827890986,0.0082466240623183
ndcg@10,raw,pearson,deepgs,panel_balanced,101,12,-0.0040420578796412,-0.0024308218994155,-0.0088526252373315,-7.623635639160311e-05,0.0947265625,0.4059405940594059,-0.0051301324046907,-0.0022111740111621
ndcg@10,raw,pearson,deepgs,task_weighted,101,12,-0.003655627643499,-0.0024308218994155,-0.0058313233993182,-0.0014256770768143,0.01513671875,0.4059405940594059,-0.0051301324046907,-0.0022111740111621
ndcg@10,raw,pearson,dnngp,panel_balanced,101,12,0.0031154159811978,0.0016803840502366,-0.0024749661200105,0.0086883222707273,0.31591796875,0.5643564356435643,0.0015967498351552,0.0049234345222226
ndcg@10,raw,pearson,dnngp,task_weighted,101,12,0.0019641705959475,0.0016803840502366,-0.0025989111627684,0.0055401693535747,0.38134765625,0.5643564356435643,0.0015967498351552,0.0049234345222226
ndcg@10,raw,pearson,pnngs,panel_balanced,101,12,0.0047662903226335,0.0046781945144582,-0.0009993925468612,0.0103031747037574,0.14794921875,0.5742574257425742,0.0030972162077231,0.0062675951778739
ndcg@10,raw,pearson,pnngs,task_weighted,101,12,0.0005581613687423,0.0046781945144582,-0.0066433407653608,0.0096953053576033,0.96923828125,0.5742574257425742,0.0030972162077231,0.0062675951778739
ndcg@10,raw,pearson,soydngp,panel_balanced,101,12,0.0044251276443354,0.0012562879927195,0.0018625073327132,0.0074855206971949,0.00439453125,0.5247524752475248,0.0032732922470838,0.0050154141764962
ndcg@10,raw,pearson,soydngp,task_weighted,101,12,0.0021273192684801,0.0012562879927195,-5.357772590851393e-05,0.0045113515936986,0.10791015625,0.5247524752475248,0.0032732922470838,0.0050154141764962
ndcg@10,raw,hybrid,pooled,panel_balanced,101,12,0.0021522463153023,0.0025374905845079,0.0002926515363625,0.003802747616396,0.04443359375,0.7227722772277227,0.0017120025871068,0.0027512165754614
ndcg@10,raw,hybrid,pooled,task_weighted,101,12,0.0031886171723134,0.0025374905845079,0.0013059622465582,0.0045678820659923,0.00634765625,0.7227722772277227,0.0017120025871068,0.0027512165754614
ndcg@10,raw,hybrid,mlp,panel_balanced,101,12,0.0009870004419159,0.0011111722485149,-0.0020368141196538,0.0038594059895244,0.54931640625,0.5742574257425742,0.0001386868773548,0.0020259454971221
ndcg@10,raw,hybrid,mlp,task_weighted,101,12,0.0016299645660499,0.0011111722485149,-0.0010853319315496,0.0036977821170076,0.49267578125,0.5742574257425742,0.0001386868773548,0.0020259454971221
ndcg@10,raw,hybrid,cnn,panel_balanced,101,12,-0.0052930938268793,0.000900846443876,-0.0144502131691085,0.0034632529505773,0.2890625,0.5346534653465347,-0.007726269195611,-0.0024267685866197
ndcg@10,raw,hybrid,cnn,task_weighted,101,12,0.0018474972158363,0.000900846443876,-0.0054976207188011,0.0098270263564043,0.86376953125,0.5346534653465347,-0.007726269195611,-0.0024267685866197
ndcg@10,raw,hybrid,transformer,panel_balanced,101,12,0.0081940646141819,0.0047351041134406,0.0006998218937267,0.0161709093281883,0.068359375,0.6633663366336634,0.0054526991957693,0.0103149356762213
ndcg@10,raw,hybrid,transformer,task_weighted,101,12,0.0146905825888755,0.0047351041134406,-0.001210384458157,0.0291583992496727,0.24609375,0.6633663366336634,0.0054526991957693,0.0103149356762213
ndcg@10,raw,hybrid,deepgs,panel_balanced,101,12,-0.0025252451842581,-6.200642578302329e-05,-0.0045150130051125,-0.0006125443528173,0.0322265625,0.4851485148514851,-0.003147119983352,-0.0019165077242358
ndcg@10,raw,hybrid,deepgs,task_weighted,101,12,-0.0018354181867318,-6.200642578302329e-05,-0.0029722138574245,-0.000868578236071,0.00634765625,0.4851485148514851,-0.003147119983352,-0.0019165077242358
ndcg@10,raw,hybrid,dnngp,panel_balanced,101,12,0.0016148850147155,0.0009690495376503,-0.0052684808563463,0.0075620646109963,0.689453125,0.5148514851485149,9.627257814686954e-06,0.0043795581627268
ndcg@10,raw,hybrid,dnngp,task_weighted,101,12,0.0012658592643856,0.0009690495376503,-0.0033038290937486,0.0037682868590634,0.498046875,0.5148514851485149,9.627257814686954e-06,0.0043795581627268
ndcg@10,raw,hybrid,pnngs,panel_balanced,101,12,0.00497683298491,0.0037608762726534,-0.0006215228783591,0.0108338913884548,0.14013671875,0.5544554455445545,0.0033456632194302,0.0065114774923169
ndcg@10,raw,hybrid,pnngs,task_weighted,101,12,0.0023333936919509,0.0037608762726534,-0.0019088197042924,0.0099225893442997,0.36962890625,0.5544554455445545,0.0033456632194302,0.0065114774923169
ndcg@10,raw,hybrid,soydngp,panel_balanced,101,12,0.0071112801625306,0.003117212067921,0.0016994094707139,0.0130719083452058,0.02392578125,0.6039603960396039,0.0049091016435515,0.0085956897293574
ndcg@10,raw,hybrid,soydngp,task_weighted,101,12,0.0023884410658273,0.003117212067921,0.0002926219107195,0.0078712450813674,0.0390625,0.6039603960396039,0.0049091016435515,0.0085956897293574
ndcg@10,raw,ccc,pooled,panel_balanced,101,12,0.003445443562296,0.0020422884421649,0.0014883721770111,0.0055771725369563,0.0078125,0.6534653465346535,0.0027020512446313,0.0039860112916089
ndcg@10,raw,ccc,pooled,task_weighted,101,12,0.0051313575795593,0.0020422884421649,0.0006586135939205,0.0090715079452849,0.017578125,0.6534653465346535,0.0027020512446313,0.0039860112916089
ndcg@10,raw,ccc,mlp,panel_balanced,101,12,0.0014660534323564,-0.0004341239250537,-0.0023673231306444,0.0054979479550337,0.52978515625,0.4851485148514851,0.0003352487099595,0.002667702978867
ndcg@10,raw,ccc,mlp,task_weighted,101,12,0.0002733306850151,-0.0004341239250537,-0.0018375651152579,0.0032934400956434,0.81201171875,0.4851485148514851,0.0003352487099595,0.002667702978867
ndcg@10,raw,ccc,cnn,panel_balanced,101,12,0.0013615080481401,0.0007250029047008,-0.0051102556896674,0.0063744032510978,0.70556640625,0.5247524752475248,0.0003345572057794,0.0039873226653095
ndcg@10,raw,ccc,cnn,task_weighted,101,12,0.0027436950445704,0.0007250029047008,-0.001383872322585,0.0074927709813522,0.28173828125,0.5247524752475248,0.0003345572057794,0.0039873226653095
ndcg@10,raw,ccc,transformer,panel_balanced,101,12,0.003779232674163,0.0015819637736901,-0.0042092962885498,0.0125538626403025,0.42138671875,0.5643564356435643,0.0009181926795909,0.0058322307267746
ndcg@10,raw,ccc,transformer,task_weighted,101,12,0.0122976495237864,0.0015819637736901,-0.0031820152044239,0.0258978372240584,0.5751953125,0.5643564356435643,0.0009181926795909,0.0058322307267746
ndcg@10,raw,ccc,deepgs,panel_balanced,101,12,-0.0036521517822765,-0.0012356489423416,-0.0108430980083013,0.0030972203913384,0.39794921875,0.3366336633663366,-0.0060833730309667,-0.000906402497178
ndcg@10,raw,ccc,deepgs,task_weighted,101,12,-0.0030055304906406,-0.0012356489423416,-0.0063651929686396,-0.0006071578899953,0.0576171875,0.3366336633663366,-0.0060833730309667,-0.000906402497178
ndcg@10,raw,ccc,dnngp,panel_balanced,101,12,0.0064335830312882,0.0011547388798114,-0.0002026342381836,0.0143101454563782,0.12646484375,0.5544554455445545,0.0036473689715719,0.0081426783900688
ndcg@10,raw,ccc,dnngp,task_weighted,101,12,0.0061449398256588,0.0011547388798114,0.000293898387249,0.0104483715176078,0.08447265625,0.5544554455445545,0.0036473689715719,0.0081426783900688
ndcg@10,raw,ccc,pnngs,panel_balanced,101,12,-0.0008312839650609,0.0010161032120922,-0.0073640031315418,0.0051878103149619,0.80908203125,0.504950495049505,-0.0024935007746663,0.0012075941430033
ndcg@10,raw,ccc,pnngs,task_weighted,101,12,0.0015443395309648,0.0010161032120922,-0.0024804180214266,0.0036361640299563,0.39697265625,0.504950495049505,-0.0024935007746663,0.0012075941430033
ndcg@10,raw,ccc,soydngp,panel_balanced,101,12,0.0155611634974622,0.005051668287872,0.0083176139592065,0.0242935953625915,0.00048828125,0.6633663366336634,0.0123545655156738,0.0169085735839167
ndcg@10,raw,ccc,soydngp,task_weighted,101,12,0.0159210789375605,0.005051668287872,0.0050416634416913,0.0253904378797485,0.00048828125,0.6633663366336634,0.0123545655156738,0.0169085735839167
overlap@10,raw,pearson,pooled,panel_balanced,101,12,0.0032670233137452,0.0029556650246305,-0.0009581286168022,0.0069386295492454,0.1494140625,0.5841584158415841,0.0022977916669429,0.0048627267318779
overlap@10,raw,pearson,pooled,task_weighted,101,12,0.0038734095513809,0.0029556650246305,0.0004332619382879,0.0065607636712948,0.05517578125,0.5841584158415841,0.0022977916669429,0.0048627267318779
overlap@10,raw,pearson,mlp,panel_balanced,101,12,0.001364093109751,0.0,-0.0031426823353963,0.0060388960617825,0.57421875,0.4653465346534653,0.0001244652106375,0.0025270626132349
overlap@10,raw,pearson,mlp,task_weighted,101,12,0.0047287104817922,0.0,-0.0024522457427629,0.0097455265520053,0.498046875,0.4653465346534653,0.0001244652106375,0.0025270626132349
overlap@10,raw,pearson,cnn,panel_balanced,101,12,-0.0080182086254892,0.0,-0.0204276315166549,0.0032633271908185,0.2392578125,0.4455445544554455,-0.0107357730459882,-0.0035523314875466
overlap@10,raw,pearson,cnn,task_weighted,101,12,0.0035010646753555,0.0,-0.0114838142121144,0.0112378842210638,0.564453125,0.4455445544554455,-0.0107357730459882,-0.0035523314875466
overlap@10,raw,pearson,transformer,panel_balanced,101,12,0.0101779595028618,0.0111111111111111,-0.0012018490558222,0.0217765878480244,0.1279296875,0.6039603960396039,0.0075805012758493,0.0130512804966285
overlap@10,raw,pearson,transformer,task_weighted,101,12,0.0119885626947492,0.0111111111111111,-0.0057155318466745,0.0260519509633595,0.396484375,0.6039603960396039,0.0075805012758493,0.0130512804966285
overlap@10,raw,pearson,deepgs,panel_balanced,101,12,-0.0042623940022509,0.0,-0.0127576401965221,0.0042725211212058,0.318359375,0.3663366336633663,-0.0068442417328631,-0.0023122220284296
overlap@10,raw,pearson,deepgs,task_weighted,101,12,-0.0040854449761852,0.0,-0.0128212425923197,0.0017242553285115,0.33203125,0.3663366336633663,-0.0068442417328631,-0.0023122220284296
overlap@10,raw,pearson,dnngp,panel_balanced,101,12,0.0067317398625821,0.0,-0.0036277936449027,0.0183300890614422,0.28076171875,0.4752475247524752,0.0030255343955442,0.0092376556076654
overlap@10,raw,pearson,dnngp,task_weighted,101,12,0.0026870853521567,0.0,-0.002172878114944,0.010919190776086,0.34130859375,0.4752475247524752,0.0030255343955442,0.0092376556076654
overlap@10,raw,pearson,pnngs,panel_balanced,101,12,0.0108196404888819,0.0,-0.0005104171155753,0.0220187736385372,0.1005859375,0.4752475247524752,0.0074850623515075,0.0137512961177413
overlap@10,raw,pearson,pnngs,task_weighted,101,12,0.0013156559795826,0.0,-0.0113105097795522,0.0189559376617887,0.95361328125,0.4752475247524752,0.0074850623515075,0.0137512961177413
overlap@10,raw,pearson,soydngp,panel_balanced,101,12,0.0060563328598801,0.0022471910112359,0.0013823618872148,0.0119735818422045,0.0361328125,0.504950495049505,0.0037659994835055,0.0068666488341549
overlap@10,raw,pearson,soydngp,task_weighted,101,12,0.0069782326522154,0.0022471910112359,0.0002095607370178,0.0126131894586946,0.1083984375,0.504950495049505,0.0037659994835055,0.0068666488341549
overlap@10,raw,hybrid,pooled,panel_balanced,101,12,0.0020309115960988,0.0017857142857142,-0.0009937699123927,0.0046433192510922,0.20751953125,0.5445544554455446,0.0014097547990499,0.0031783701961919
overlap@10,raw,hybrid,pooled,task_weighted,101,12,0.0033170821425893,0.0017857142857142,0.0009577102851322,0.0048350839449252,0.02587890625,0.5445544554455446,0.0014097547990499,0.0031783701961919
overlap@10,raw,hybrid,mlp,panel_balanced,101,12,-0.0002756105107127,0.0,-0.0077172885528552,0.0074695324967463,0.9521484375,0.396039603960396,-0.0028980686090892,0.0015932733822527
overlap@10,raw,hybrid,mlp,task_weighted,101,12,0.0024835895730587,0.0,-0.0051263502123497,0.0066478937011296,0.69873046875,0.396039603960396,-0.0028980686090892,0.0015932733822527
overlap@10,raw,hybrid,cnn,panel_balanced,101,12,-0.0077894271328297,0.0035714285714285,-0.0162532783640264,0.000348471047415,0.09375,0.5148514851485149,-0.0103441477812688,-0.0049748295994506
overlap@10,raw,hybrid,cnn,task_weighted,101,12,0.0028612957998115,0.0035714285714285,-0.0089741958895815,0.0088674197491256,0.5087890625,0.5148514851485149,-0.0103441477812688,-0.0049748295994506
overlap@10,raw,hybrid,transformer,panel_balanced,101,12,0.003971801463098,0.01,-0.0063422221598346,0.0131850217978288,0.45556640625,0.5643564356435643,0.00179155200933,0.0074676705616241
overlap@10,raw,hybrid,transformer,task_weighted,101,12,0.0094168643480155,0.01,-0.0058025010293776,0.0200052928103832,0.45458984375,0.5643564356435643,0.00179155200933,0.0074676705616241
overlap@10,raw,hybrid,deepgs,panel_balanced,101,12,-0.0017699429189253,0.0,-0.0077301580522754,0.0051594886210846,0.6064453125,0.3366336633663366,-0.0043550892448882,-0.0004393695479185
overlap@10,raw,hybrid,deepgs,task_weighted,101,12,-0.003048799216105,0.0,-0.0089112441174142,0.0038449402459134,0.3974609375,0.3366336633663366,-0.0043550892448882,-0.0004393695479185
overlap@10,raw,hybrid,dnngp,panel_balanced,101,12,0.0036137143351369,0.0,-0.0071358064140662,0.0139751275901485,0.52734375,0.4257425742574257,0.0004195065474221,0.0071619307898463
overlap@10,raw,hybrid,dnngp,task_weighted,101,12,0.0012565450017921,0.0,-0.004222643062617,0.0086539974868888,0.669921875,0.4257425742574257,0.0004195065474221,0.0071619307898463
overlap@10,raw,hybrid,pnngs,panel_balanced,101,12,0.0118870745817221,5.551115123125783e-17,0.0027300983028616,0.0212927177788418,0.0361328125,0.504950495049505,0.008876808634606,0.0143783760327251
overlap@10,raw,hybrid,pnngs,task_weighted,101,12,0.0061107492594458,5.551115123125783e-17,-0.0024779582209379,0.0193298192197241,0.234375,0.504950495049505,0.008876808634606,0.0143783760327251
overlap@10,raw,hybrid,soydngp,panel_balanced,101,12,0.0045787713552023,0.0,-0.0029511710730077,0.0119816068791256,0.26806640625,0.495049504950495,0.0023435081450692,0.0069430752446363
overlap@10,raw,hybrid,soydngp,task_weighted,101,12,0.0041393302321067,0.0,-0.0016790529874717,0.009270316406833,0.26904296875,0.495049504950495,0.0023435081450692,0.0069430752446363
overlap@10,raw,ccc,pooled,panel_balanced,101,12,0.0050083604479222,0.0036918138041733,0.0019064079693165,0.0085209075292324,0.01123046875,0.6039603960396039,0.0037915880211099,0.0056863004515366
overlap@10,raw,ccc,pooled,task_weighted,101,12,0.0053416181247028,0.0036918138041733,0.0014860155346087,0.0081546884900338,0.0185546875,0.6039603960396039,0.0037915880211099,0.0056863004515366
overlap@10,raw,ccc,mlp,panel_balanced,101,12,7.468080820944902e-05,0.0,-0.006781784088078,0.006835330474652,0.9892578125,0.4257425742574257,-0.0018665819754598,0.0021593920505142
overlap@10,raw,ccc,mlp,task_weighted,101,12,0.0043181056160184,0.0,-0.0040347864557838,0.00838093355665,0.3662109375,0.4257425742574257,-0.0018665819754598,0.0021593920505142
overlap@10,raw,ccc,cnn,panel_balanced,101,12,0.0057029966342386,0.0027272727272726,-0.0004062408722125,0.0119697575766895,0.1044921875,0.5346534653465347,0.0036078145100784,0.0075201521724161
overlap@10,raw,ccc,cnn,task_weighted,101,12,0.0059583257896222,0.0027272727272726,-0.0011772459460412,0.0117643972189426,0.19921875,0.5346534653465347,0.0036078145100784,0.0075201521724161
overlap@10,raw,ccc,transformer,panel_balanced,101,12,0.0045122261944099,0.0052631578947368,-0.0071649362962671,0.0152339209145043,0.458984375,0.5346534653465347,0.002094145747437,0.0082139646258766
overlap@10,raw,ccc,transformer,task_weighted,101,12,0.0077807429503472,0.0052631578947368,-0.0039341834346097,0.0157164776348165,0.2978515625,0.5346534653465347,0.002094145747437,0.0082139646258766
overlap@10,raw,ccc,deepgs,panel_balanced,101,12,-0.0051570428977187,0.0,-0.0129643082494799,0.0024892509747986,0.2314453125,0.3069306930693069,-0.0072420265954911,-0.0028985922520568
overlap@10,raw,ccc,deepgs,task_weighted,101,12,-0.0061402282070637,0.0,-0.0098659722978566,-0.000484947220352,0.0888671875,0.3069306930693069,-0.0072420265954911,-0.0028985922520568
overlap@10,raw,ccc,dnngp,panel_balanced,101,12,0.0096796290060498,0.0,-0.0018732309024337,0.0238121165383513,0.1943359375,0.4752475247524752,0.004309595279327,0.0126429286126604
overlap@10,raw,ccc,dnngp,task_weighted,101,12,0.0045600909636797,0.0,-1.9382700137096467e-05,0.0112588224179422,0.0966796875,0.4752475247524752,0.004309595279327,0.0126429286126604
overlap@10,raw,ccc,pnngs,panel_balanced,101,12,0.000982315659873,0.0,-0.0050598540847017,0.0068143503473049,0.76025390625,0.4356435643564356,-0.0004868244749436,0.0026625261744069
overlap@10,raw,ccc,pnngs,task_weighted,101,12,-0.0029002599328124,0.0,-0.0085286795618372,0.0057661023729957,0.81689453125,0.4356435643564356,-0.0004868244749436,0.0026625261744069
overlap@10,raw,ccc,soydngp,panel_balanced,101,12,0.0192637177303935,0.0125,0.0090653355681247,0.0322788806828358,0.00048828125,0.6039603960396039,0.0143104193422475,0.0208943818042377
overlap@10,raw,ccc,soydngp,task_weighted,101,12,0.0238145496931285,0.0125,0.0069863965362532,0.0382592728165855,0.00048828125,0.6039603960396039,0.0143104193422475,0.0208943818042377
releff@10,raw,pearson,pooled,panel_balanced,101,12,0.0053124886887444,0.0049867854071148,0.0006592327983681,0.0104022884876665,0.060546875,0.6138613861386139,0.0036018674235669,0.0066628853497787
releff@10,raw,pearson,pooled,task_weighted,101,12,0.0075039329655307,0.0049867854071148,0.001961677895755,0.0121681479620939,0.0078125,0.6138613861386139,0.0036018674235669,0.0066628853497787
releff@10,raw,pearson,mlp,panel_balanced,101,12,0.0005799328317449,-0.0009812509194085,-0.0048893984305165,0.0071710559822576,0.88720703125,0.4851485148514851,-0.0019899665938155,0.0020071962712837
releff@10,raw,pearson,mlp,task_weighted,101,12,-0.0010061982007786,-0.0009812509194085,-0.004711359710133,0.0025106924770714,0.56396484375,0.4851485148514851,-0.0019899665938155,0.0020071962712837
releff@10,raw,pearson,cnn,panel_balanced,101,12,0.0004491605127481,0.0044856916515477,-0.0154535839403651,0.0165092999190276,0.95751953125,0.5742574257425742,-0.003306100515258,0.0051406369050057
releff@10,raw,pearson,cnn,task_weighted,101,12,0.0184311151551051,0.0044856916515477,-0.008614238493765,0.0327395987265453,0.40625,0.5742574257425742,-0.003306100515258,0.0051406369050057
releff@10,raw,pearson,transformer,panel_balanced,101,12,0.0140097510445456,0.0099708647655931,-0.0034194657767523,0.0337395320721152,0.18896484375,0.6138613861386139,0.0071179387147169,0.0173767427124674
releff@10,raw,pearson,transformer,task_weighted,101,12,0.033732344689662,0.0099708647655931,-0.0040729690094522,0.067747024660404,0.3154296875,0.6138613861386139,0.0071179387147169,0.0173767427124674
releff@10,raw,pearson,deepgs,panel_balanced,101,12,-0.0088837342115309,-0.0056002197037258,-0.0168894881944504,-0.0015012916109102,0.0576171875,0.3861386138613861,-0.0103188192840113,-0.0065772667906908
releff@10,raw,pearson,deepgs,task_weighted,101,12,-0.0109262681704774,-0.0056002197037258,-0.0168874954664156,-0.0015761463234142,0.0419921875,0.3861386138613861,-0.0103188192840113,-0.0065772667906908
releff@10,raw,pearson,dnngp,panel_balanced,101,12,0.0111477610548137,0.0055642295499994,-0.0046919085041274,0.0287904022420288,0.25048828125,0.6039603960396039,0.0050192151317551,0.0159602645709214
releff@10,raw,pearson,dnngp,task_weighted,101,12,0.0063416940919456,0.0055642295499994,-0.0034190022265958,0.0146171916838087,0.23828125,0.6039603960396039,0.0050192151317551,0.0159602645709214
releff@10,raw,pearson,pnngs,panel_balanced,101,12,0.0121472495037409,0.0082805865158806,-0.0052731111332866,0.0270498778800318,0.1865234375,0.5445544554455446,0.0076590212707723,0.0183892519392531
releff@10,raw,pearson,pnngs,task_weighted,101,12,0.0029005982874274,0.0082805865158806,-0.0172271499451387,0.0267299567293267,0.88671875,0.5445544554455446,0.0076590212707723,0.0183892519392531
releff@10,raw,pearson,soydngp,panel_balanced,101,12,0.0077373000851486,-0.0011233658465238,0.0007386235853203,0.0147375011745892,0.064453125,0.4752475247524752,0.0060898133924198,0.0098366875993198
releff@10,raw,pearson,soydngp,task_weighted,101,12,0.0030542449058313,-0.0011233658465238,-0.0053710943157192,0.0104500460212783,0.51220703125,0.4752475247524752,0.0060898133924198,0.0098366875993198
releff@10,raw,hybrid,pooled,panel_balanced,101,12,0.0052395097375589,0.0048365797003253,0.0002920613563733,0.0092896900176846,0.05615234375,0.6732673267326733,0.0044626242776558,0.0071243848482354
releff@10,raw,hybrid,pooled,task_weighted,101,12,0.0079474587791509,0.0048365797003253,0.0029965832398541,0.0116996282359743,0.00732421875,0.6732673267326733,0.0044626242776558,0.0071243848482354
releff@10,raw,hybrid,mlp,panel_balanced,101,12,0.0043886106877734,0.0015799824599104,-0.0020683398047826,0.0120633843703934,0.2939453125,0.5544554455445545,0.0015048903879291,0.0062250553574492
releff@10,raw,hybrid,mlp,task_weighted,101,12,0.0042574311412879,0.0015799824599104,-0.0012659581472271,0.0087646282333701,0.34130859375,0.5544554455445545,0.0015048903879291,0.0062250553574492
releff@10,raw,hybrid,cnn,panel_balanced,101,12,-0.0062335275535212,-0.0009554572342311,-0.0203565867641762,0.0079414244248804,0.42138671875,0.4851485148514851,-0.0102209489254235,-0.0022357662232118
releff@10,raw,hybrid,cnn,task_weighted,101,12,0.0072219891166972,-0.0009554572342311,-0.0081223450278535,0.0185946119499201,0.4111328125,0.4851485148514851,-0.0102209489254235,-0.0022357662232118
releff@10,raw,hybrid,transformer,panel_balanced,101,12,0.0136110868521006,0.0107476969000713,-0.0040704703526505,0.0333183800169589,0.2060546875,0.6039603960396039,0.0063962485886511,0.0185083327808977
releff@10,raw,hybrid,transformer,task_weighted,101,12,0.0342017798918934,0.0107476969000713,-0.005830515372581,0.0693283051009203,0.40087890625,0.6039603960396039,0.0063962485886511,0.0185083327808977
releff@10,raw,hybrid,deepgs,panel_balanced,101,12,-0.0057154855675026,-0.0015073370846468,-0.011320069684331,0.0002253793246019,0.0986328125,0.4653465346534653,-0.007723426342152,-0.0043891201264456
releff@10,raw,hybrid,deepgs,task_weighted,101,12,-0.0077391392863584,-0.0015073370846468,-0.0130912998590678,0.0012332841507085,0.22021484375,0.4653465346534653,-0.007723426342152,-0.0043891201264456
releff@10,raw,hybrid,dnngp,panel_balanced,101,12,0.0043613828074329,-0.0014912139795755,-0.0105391941975459,0.0188757751309883,0.5830078125,0.4653465346534653,0.0005666411466472,0.0095883547945064
releff@10,raw,hybrid,dnngp,task_weighted,101,12,0.0017929748689839,-0.0014912139795755,-0.0057104351366363,0.0083799820659701,0.58251953125,0.4653465346534653,0.0005666411466472,0.0095883547945064
releff@10,raw,hybrid,pnngs,panel_balanced,101,12,0.0111777987549029,0.003476279843752,-0.0040817173597672,0.02604316379633,0.19580078125,0.5148514851485149,0.0066756665915508,0.0155069486927776
releff@10,raw,hybrid,pnngs,task_weighted,101,12,0.0102271840608269,0.003476279843752,-0.0010701240459924,0.0257914430930319,0.123046875,0.5148514851485149,0.0066756665915508,0.0155069486927776
releff@10,raw,hybrid,soydngp,panel_balanced,101,12,0.0150867021817262,0.0060896815043308,0.0039615605884404,0.0272248751607466,0.0302734375,0.6039603960396039,0.011271513203678,0.0176537557190091
releff@10,raw,hybrid,soydngp,task_weighted,101,12,0.0056699916607254,0.0060896815043308,-0.0017892960669746,0.0177419659907802,0.15576171875,0.6039603960396039,0.011271513203678,0.0176537557190091
releff@10,raw,ccc,pooled,panel_balanced,101,12,0.0085514367708363,0.0063335644044658,0.0038588610563674,0.0136564540613258,0.00634765625,0.6633663366336634,0.0069460210404329,0.0095751507426489
releff@10,raw,ccc,pooled,task_weighted,101,12,0.0120016441707846,0.0063335644044658,0.001865140871996,0.0207892833567797,0.01220703125,0.6633663366336634,0.0069460210404329,0.0095751507426489
releff@10,raw,ccc,mlp,panel_balanced,101,12,0.0005022090783844,-0.0008929983937852,-0.0078955233754425,0.0079723556663209,0.90478515625,0.4653465346534653,-0.001232974581606,0.0031788167370903
releff@10,raw,ccc,mlp,task_weighted,101,12,0.002744522213953,-0.0008929983937852,-0.0049332864502834,0.0076528342242073,0.6337890625,0.4653465346534653,-0.001232974581606,0.0031788167370903
releff@10,raw,ccc,cnn,panel_balanced,101,12,0.0082929686579904,-0.0002854095641318,-0.0033184559236031,0.0195872420450159,0.20263671875,0.4851485148514851,0.0057313825239102,0.0120238420808477
releff@10,raw,ccc,cnn,task_weighted,101,12,0.0079528205240582,-0.0002854095641318,-0.0021919575600232,0.0217719253059245,0.22998046875,0.4851485148514851,0.0057313825239102,0.0120238420808477
releff@10,raw,ccc,transformer,panel_balanced,101,12,0.0088720087987987,0.0064685975280376,-0.0082447755874944,0.028887508050657,0.43359375,0.5643564356435643,0.0012246660173299,0.013421219686408
releff@10,raw,ccc,transformer,task_weighted,101,12,0.0327743979384024,0.0064685975280376,-0.0067706437060622,0.0681849488037236,0.54931640625,0.5643564356435643,0.0012246660173299,0.013421219686408
releff@10,raw,ccc,deepgs,panel_balanced,101,12,-0.0060041392488408,-0.0047138618347577,-0.0157920195940061,0.0024737338455639,0.263671875,0.3267326732673267,-0.0087104311058594,-0.0021458015692694
releff@10,raw,ccc,deepgs,task_weighted,101,12,-0.0070151941795098,-0.0047138618347577,-0.0128054719330423,-0.0009785879836668,0.08203125,0.3267326732673267,-0.0087104311058594,-0.0021458015692694
releff@10,raw,ccc,dnngp,panel_balanced,101,12,0.0156890687061946,0.0067918664909111,-0.0012977909365323,0.0351655628138432,0.15478515625,0.6039603960396039,0.010220020523129,0.0196815890312211
releff@10,raw,ccc,dnngp,task_weighted,101,12,0.0122593305974229,0.0067918664909111,0.0005909230417494,0.0210112363157012,0.0888671875,0.6039603960396039,0.010220020523129,0.0196815890312211
releff@10,raw,ccc,pnngs,panel_balanced,101,12,0.0006998361556611,-0.0007754139337475,-0.0136211890927482,0.0142764378261729,0.92529296875,0.495049504950495,-0.0034151451412111,0.005727144106905
releff@10,raw,ccc,pnngs,task_weighted,101,12,0.0008548560829078,-0.0007754139337475,-0.0050589365404205,0.008858884738619,0.79833984375,0.495049504950495,-0.0034151451412111,0.005727144106905
releff@10,raw,ccc,soydngp,panel_balanced,101,12,0.0318081052476659,0.0121957969440651,0.0153566256280269,0.0522057334933552,0.0009765625,0.6732673267326733,0.0242054586021708,0.0349086823208804
releff@10,raw,ccc,soydngp,task_weighted,101,12,0.0344407760182578,0.0121957969440651,0.0092630690692321,0.0554018635841253,0.0029296875,0.6732673267326733,0.0242054586021708,0.0349086823208804
rmse,affine,pearson,pooled,panel_balanced,101,12,0.0324283773383163,-0.0031947422868889,-0.0057751116901864,0.0927714807542795,0.2705078125,0.2871287128712871,0.0054321408685676,0.0379028704170171
rmse,affine,pearson,pooled,task_weighted,101,12,0.0080701357604306,-0.0031947422868889,-0.014625090777866,0.072487502460049,0.83447265625,0.2871287128712871,0.0054321408685676,0.0379028704170171
rmse,affine,pearson,mlp,panel_balanced,101,12,-0.0099374437676265,-0.0005979474169346,-0.0905359011983441,0.0768453870037643,0.5576171875,0.4356435643564356,-0.0426125411709019,0.0189974302349205
rmse,affine,pearson,mlp,task_weighted,101,12,-0.0052372878832301,-0.0005979474169346,-0.0561547061557092,0.0537601483127874,0.71728515625,0.4356435643564356,-0.0426125411709019,0.0189974302349205
rmse,affine,pearson,cnn,panel_balanced,101,12,0.1757119043117126,0.0008027789543996,-0.015107696565226,0.465299790954833,0.2646484375,0.5346534653465347,0.05098106774541,0.2069951270088912
rmse,affine,pearson,cnn,task_weighted,101,12,0.0622717264905428,0.0008027789543996,-0.0521154408845284,0.3344301271705165,0.48876953125,0.5346534653465347,0.05098106774541,0.2069951270088912
rmse,affine,pearson,transformer,panel_balanced,101,12,-0.0180935965627908,-0.0049611537538555,-0.0600389553935786,0.0158757775962571,0.427734375,0.3168316831683168,-0.0252620668959868,-0.0033378467620321
rmse,affine,pearson,transformer,task_weighted,101,12,-0.0425394937864721,-0.0049611537538555,-0.0972484765385614,0.0218551189345063,0.5771484375,0.3168316831683168,-0.0252620668959868,-0.0033378467620321
rmse,affine,pearson,deepgs,panel_balanced,101,12,0.0330133767931357,0.0020904573020679,0.0005879926332474,0.0757669347860887,0.11328125,0.6039603960396039,0.0198450932978499,0.0383052461154526
rmse,affine,pearson,deepgs,task_weighted,101,12,0.0218254544398094,0.0020904573020679,-0.002582868739947,0.0492476080066468,0.15087890625,0.6039603960396039,0.0198450932978499,0.0383052461154526
rmse,affine,pearson,dnngp,panel_balanced,101,12,0.0106492335619218,-0.0016792041803673,-0.071092658015605,0.1059061402905133,0.759765625,0.4059405940594059,-0.0273970776215154,0.038580316294205
rmse,affine,pearson,dnngp,task_weighted,101,12,0.0072049458132398,-0.0016792041803673,-0.0566598867818604,0.0824334079040733,0.88330078125,0.4059405940594059,-0.0273970776215154,0.038580316294205
rmse,affine,pearson,pnngs,panel_balanced,101,12,-0.0920432169830375,-0.0008157972435344,-0.3981457081103277,0.1280202621793803,0.58837890625,0.4653465346534653,-0.1539358743809478,0.0407880719988509
rmse,affine,pearson,pnngs,task_weighted,101,12,-0.0441712201217412,-0.0008157972435344,-0.2654766765258015,0.0834816375828693,0.64208984375,0.4653465346534653,-0.1539358743809478,0.0407880719988509
rmse,affine,pearson,soydngp,panel_balanced,101,12,0.1276983840148987,-0.0007250623467589,0.0026611340797531,0.3221102284157685,0.11376953125,0.4554455445544554,0.0414811896658045,0.1430044934553391
rmse,affine,pearson,soydngp,task_weighted,101,12,0.0571368253708657,-0.0007250623467589,-0.0083273899419954,0.2337665852792505,0.28515625,0.4554455445544554,0.0414811896658045,0.1430044934553391
rmse,affine,hybrid,pooled,panel_balanced,101,12,0.0226861872847358,-0.0032235649632544,-0.0054968703921142,0.0584655891070435,0.27734375,0.2475247524752475,0.009546717703679,0.0264785401764341
rmse,affine,hybrid,pooled,task_weighted,101,12,0.0031667105584434,-0.0032235649632544,-0.0120098196008838,0.0441762451896339,0.82568359375,0.2475247524752475,0.009546717703679,0.0264785401764341
rmse,affine,hybrid,mlp,panel_balanced,101,12,-0.0070500903794656,-0.0002558266519542,-0.0307548711279444,0.0122554482362784,0.62548828125,0.4554455445544554,-0.0122684843685136,0.00230600140397
rmse,affine,hybrid,mlp,task_weighted,101,12,-0.0084027637166989,-0.0002558266519542,-0.0236376362150213,0.0061510924391108,0.26318359375,0.4554455445544554,-0.0122684843685136,0.00230600140397
rmse,affine,hybrid,cnn,panel_balanced,101,12,0.1744654336015645,0.0009801144802057,-0.0111404065926503,0.4923875718966604,0.2177734375,0.5346534653465347,0.0252239905248987,0.2032095173659814
rmse,affine,hybrid,cnn,task_weighted,101,12,0.0660254691320484,0.0009801144802057,-0.0444898620377368,0.3419947796904312,0.5400390625,0.5346534653465347,0.0252239905248987,0.2032095173659814
rmse,affine,hybrid,transformer,panel_balanced,101,12,-0.0336238602167159,-0.0067699414132791,-0.1379130767031051,0.0447235578569425,0.634765625,0.3267326732673267,-0.0570291176490318,0.0099168455022828
rmse,affine,hybrid,transformer,task_weighted,101,12,-0.0446026881720328,-0.0067699414132791,-0.1179524749020403,0.0446839573929435,0.4775390625,0.3267326732673267,-0.0570291176490318,0.0099168455022828
rmse,affine,hybrid,deepgs,panel_balanced,101,12,0.0153817286020093,0.0008460968502112,-0.007489668782734,0.0461065954045366,0.45849609375,0.5346534653465347,0.0035805991993424,0.018859370970361
rmse,affine,hybrid,deepgs,task_weighted,101,12,0.007621017588565,0.0008460968502112,-0.0101509311805791,0.0278879719683853,0.4638671875,0.5346534653465347,0.0035805991993424,0.018859370970361
rmse,affine,hybrid,dnngp,panel_balanced,101,12,0.0036423457721692,-0.0007250400944474,-0.0015192838926267,0.0098452131165396,0.2958984375,0.4158415841584158,0.0013276336574169,0.0045294497314113
rmse,affine,hybrid,dnngp,task_weighted,101,12,0.003917789819027,-0.0007250400944474,-0.0021731780812202,0.0153344161698472,0.7548828125,0.4158415841584158,0.0013276336574169,0.0045294497314113
rmse,affine,hybrid,pnngs,panel_balanced,101,12,-0.0687642646252809,-0.0012219084520271,-0.3502374386941589,0.1548434803322713,0.58642578125,0.4752475247524752,-0.1383755630810898,0.0482237758845997
rmse,affine,hybrid,pnngs,task_weighted,101,12,-0.0372559482976818,-0.0012219084520271,-0.2300799779144826,0.0965461000587499,0.61865234375,0.4752475247524752,-0.1383755630810898,0.0482237758845997
rmse,affine,hybrid,soydngp,panel_balanced,101,12,0.0747520182388705,-0.0017114041304996,-0.0094333396016151,0.2198722123937365,0.322265625,0.4158415841584158,0.0064019325312297,0.0852371806444602
rmse,affine,hybrid,soydngp,task_weighted,101,12,0.0348640975558768,-0.0017114041304996,-0.0129795357918048,0.1537048593684439,0.404296875,0.4158415841584158,0.0064019325312297,0.0852371806444602
rmse,affine,ccc,pooled,panel_balanced,101,12,-0.001785818024117,-0.0052749103488882,-0.0281290995109198,0.0334980080851527,0.93603515625,0.2574257425742574,-0.0167623512839321,0.0046531071475739
rmse,affine,ccc,pooled,task_weighted,101,12,-0.0137895401307334,-0.0052749103488882,-0.0302696699302819,0.0244426464908957,0.47119140625,0.2574257425742574,-0.0167623512839321,0.0046531071475739
rmse,affine,ccc,mlp,panel_balanced,101,12,-0.007505509545559,-0.0010844957212755,-0.0215520927911723,0.005505264852311,0.33154296875,0.4059405940594059,-0.0110540379651827,-0.0027338182504624
rmse,affine,ccc,mlp,task_weighted,101,12,-0.0079622113932583,-0.0010844957212755,-0.018968520263322,0.0068501437544521,0.291015625,0.4059405940594059,-0.0110540379651827,-0.0027338182504624
rmse,affine,ccc,cnn,panel_balanced,101,12,0.0087069338100835,-0.0017513312056759,-0.0443148729411579,0.0668052550230975,0.7626953125,0.4356435643564356,-0.0132307916608432,0.0264046134765571
rmse,affine,ccc,cnn,task_weighted,101,12,-0.0253092228312293,-0.0017513312056759,-0.0863034374413991,0.0553387950081977,0.63134765625,0.4356435643564356,-0.0132307916608432,0.0264046134765571
rmse,affine,ccc,transformer,panel_balanced,101,12,0.0119808524892887,-0.0069363762712985,-0.0359987690501094,0.0775341423397705,0.80859375,0.3069306930693069,-0.0157503770633397,0.0246490346747488
rmse,affine,ccc,transformer,task_weighted,101,12,-0.0251777804155457,-0.0069363762712985,-0.0874625024535249,0.0706719706003471,0.90576171875,0.3069306930693069,-0.0157503770633397,0.0246490346747488
rmse,affine,ccc,deepgs,panel_balanced,101,12,0.0292649415489725,0.0004602425720029,-0.0014779396375863,0.0719630528229088,0.14306640625,0.5445544554455446,0.0113528190464307,0.0355829059810731
rmse,affine,ccc,deepgs,task_weighted,101,12,0.015217459838665,0.0004602425720029,-0.0097229769587523,0.0562362431278183,0.2763671875,0.5445544554455446,0.0113528190464307,0.0355829059810731
rmse,affine,ccc,dnngp,panel_balanced,101,12,0.0329018871818192,-0.0015393125228904,-0.0097848185860103,0.0906190145763547,0.4296875,0.3564356435643564,0.014855340714946,0.039050630204686
rmse,affine,ccc,dnngp,task_weighted,101,12,0.0135964603147104,-0.0015393125228904,-0.0113301412837736,0.0724810302839825,0.435546875,0.3564356435643564,0.014855340714946,0.039050630204686
rmse,affine,ccc,pnngs,panel_balanced,101,12,-0.0495048136199863,-0.0003625968201624,-0.1928064740452958,0.0422672995774108,0.74462890625,0.4752475247524752,-0.0700305449272228,0.0155395163826692
rmse,affine,ccc,pnngs,task_weighted,101,12,-0.0311078939790519,-0.0003625968201624,-0.1352880825030419,0.025586468524146,0.47265625,0.4752475247524752,-0.0700305449272228,0.0155395163826692
rmse,affine,ccc,soydngp,panel_balanced,101,12,-0.0383450180334377,-0.0105528787479287,-0.1062735006904068,0.0161210522879088,0.287109375,0.2574257425742574,-0.0547931982874807,-0.0104671675299626
rmse,affine,ccc,soydngp,task_weighted,101,12,-0.0357835924494243,-0.0105528787479287,-0.0785390856286681,0.012439794656589,0.27734375,0.2574257425742574,-0.0547931982874807,-0.0104671675299626
nrmse,affine,pearson,pooled,panel_balanced,101,12,-0.0011375390494349,-0.0030697824267418,-0.003599430526402,0.0014966218667821,0.40966796875,0.2871287128712871,-0.002010669479782,-0.0005404716517779
nrmse,affine,pearson,pooled,task_weighted,101,12,-0.0032268134648976,-0.0030697824267418,-0.0046329881704263,-0.000486098977308,0.072265625,0.2871287128712871,-0.002010669479782,-0.0005404716517779
nrmse,affine,pearson,mlp,panel_balanced,101,12,-0.0017640132257953,-0.0017458319243863,-0.0034318784508068,0.0002765589040158,0.10205078125,0.4059405940594059,-0.0025688522304607,-0.0014507375852433
nrmse,affine,pearson,mlp,task_weighted,101,12,-0.0016991688293275,-0.0017458319243863,-0.002874982936418,-0.0001420398425632,0.08056640625,0.4059405940594059,-0.0025688522304607,-0.0014507375852433
nrmse,affine,pearson,cnn,panel_balanced,101,12,0.0024150496070567,0.0013559014275568,-0.0038232678284614,0.007466474694225,0.45361328125,0.5544554455445545,0.0011851099377091,0.0048693790327175
nrmse,affine,pearson,cnn,task_weighted,101,12,-0.0022966667707795,0.0013559014275568,-0.0108493755531029,0.0070334338267921,0.77734375,0.5544554455445545,0.0011851099377091,0.0048693790327175
nrmse,affine,pearson,transformer,panel_balanced,101,12,-0.0058940564830376,-0.0045993960587091,-0.0137325694068481,0.0007457598139008,0.16748046875,0.3267326732673267,-0.007321136239356,-0.003239713133171
nrmse,affine,pearson,transformer,task_weighted,101,12,-0.0142987158419654,-0.0045993960587091,-0.0268545534660042,-2.229015523807946e-05,0.125,0.3267326732673267,-0.007321136239356,-0.003239713133171
nrmse,affine,pearson,deepgs,panel_balanced,101,12,0.0039511373630078,0.0014794028452608,-0.000119270245601,0.0088785063631133,0.14404296875,0.6138613861386139,0.0023169572787128,0.0047308749722144
nrmse,affine,pearson,deepgs,task_weighted,101,12,0.0036592512830742,0.0014794028452608,-0.0001237111543058,0.006069584695783,0.1396484375,0.6138613861386139,0.0023169572787128,0.0047308749722144
nrmse,affine,pearson,dnngp,panel_balanced,101,12,-0.0016064577374488,-0.0031318695887442,-0.0053471752330955,0.0021594041808602,0.4443359375,0.396039603960396,-0.0026715284971795,-0.0003382296454735
nrmse,affine,pearson,dnngp,task_weighted,101,12,-0.0029028472389199,-0.0031318695887442,-0.0089596581459321,0.0023328648043876,0.42431640625,0.396039603960396,-0.0026715284971795,-0.0003382296454735
nrmse,affine,pearson,pnngs,panel_balanced,101,12,-0.0047737567515538,-0.0014191219702521,-0.0136704132374129,0.003446057742253,0.333984375,0.4653465346534653,-0.0069605280776835,-0.0016476029276215
nrmse,affine,pearson,pnngs,task_weighted,101,12,-0.0003992002872944,-0.0014191219702521,-0.0134225152308898,0.0089661506765813,0.9580078125,0.4653465346534653,-0.0069605280776835,-0.0016476029276215
nrmse,affine,pearson,soydngp,panel_balanced,101,12,-0.0002906761182737,-0.0007704576645162,-0.0062052357461286,0.0060775645820305,0.91748046875,0.4455445544554455,-0.0024202104532213,0.0011994625372028
nrmse,affine,pearson,soydngp,task_weighted,101,12,-0.0046503465690711,-0.0007704576645162,-0.0118982149605752,0.0052527834606088,0.77197265625,0.4455445544554455,-0.0024202104532213,0.0011994625372028
nrmse,affine,hybrid,pooled,panel_balanced,101,12,-0.0018481212420978,-0.0029935589309916,-0.0040550331075882,0.000599126460496,0.16162109375,0.2475247524752475,-0.0026932401639572,-0.0012987248914265
nrmse,affine,hybrid,pooled,task_weighted,101,12,-0.0035444415716822,-0.0029935589309916,-0.0045519749617653,-0.001396834306771,0.02978515625,0.2475247524752475,-0.0026932401639572,-0.0012987248914265
nrmse,affine,hybrid,mlp,panel_balanced,101,12,-0.0001168220926665,-0.0007310483581863,-0.0017886786608281,0.0015868476153778,0.89501953125,0.4356435643564356,-0.0005667627682729,0.0003153251821107
nrmse,affine,hybrid,mlp,task_weighted,101,12,-0.0007687010697851,-0.0007310483581863,-0.0017000851454139,0.000866197937177,0.30712890625,0.4356435643564356,-0.0005667627682729,0.0003153251821107
nrmse,affine,hybrid,cnn,panel_balanced,101,12,0.001561668335262,0.0012210694440077,-0.0042012450629363,0.006531936455601,0.61572265625,0.5346534653465347,0.0003452459511061,0.0038702898342382
nrmse,affine,hybrid,cnn,task_weighted,101,12,-0.0020830357020953,0.0012210694440077,-0.0110072584741198,0.0040758535164832,0.96337890625,0.5346534653465347,0.0003452459511061,0.0038702898342382
nrmse,affine,hybrid,transformer,panel_balanced,101,12,-0.0071131059115497,-0.0067919332952041,-0.014926307146789,-0.0004937163509486,0.09326171875,0.3267326732673267,-0.0083586143080916,-0.0045682335580605
nrmse,affine,hybrid,transformer,task_weighted,101,12,-0.0149645475701078,-0.0067919332952041,-0.0271968018392544,-0.0007738791347618,0.07421875,0.3267326732673267,-0.0083586143080916,-0.0045682335580605
nrmse,affine,hybrid,deepgs,panel_balanced,101,12,0.000710929691194,0.0004286785779605,-0.0013461103616172,0.0030868023090118,0.59619140625,0.5247524752475248,-0.000178314510026,0.0012604019492033
nrmse,affine,hybrid,deepgs,task_weighted,101,12,0.0010383680401683,0.0004286785779605,-0.001352343412519,0.002921509618571,0.81787109375,0.5247524752475248,-0.000178314510026,0.0012604019492033
nrmse,affine,hybrid,dnngp,panel_balanced,101,12,-0.0001117171498739,-0.0010392097197531,-0.0022142522079338,0.0020115339245727,0.92041015625,0.4455445544554455,-0.0007618991408856,0.0006061610762635
nrmse,affine,hybrid,dnngp,task_weighted,101,12,-0.0015292096930528,-0.0010392097197531,-0.004185160598217,0.0014451941509213,0.43310546875,0.4455445544554455,-0.0007618991408856,0.0006061610762635
nrmse,affine,hybrid,pnngs,panel_balanced,101,12,-0.0053862175741119,-0.0020136904971099,-0.0131487905401271,0.0015803630092125,0.2138671875,0.4653465346534653,-0.00683078014694,-0.0027164611280853
nrmse,affine,hybrid,pnngs,task_weighted,101,12,-0.0017815247528526,-0.0020136904971099,-0.0125572256595351,0.0059143952104914,0.755859375,0.4653465346534653,-0.00683078014694,-0.0027164611280853
nrmse,affine,hybrid,soydngp,panel_balanced,101,12,-0.0024815839929391,-0.0026943206055305,-0.0066650234228533,0.0021339703678167,0.30322265625,0.4059405940594059,-0.0040214076214728,-0.0014816405104028
nrmse,affine,hybrid,soydngp,task_weighted,101,12,-0.0047224402540504,-0.0026943206055305,-0.0092268843747728,0.001082906901546,0.28955078125,0.4059405940594059,-0.0040214076214728,-0.0014816405104028
nrmse,affine,ccc,pooled,panel_balanced,101,12,-0.0027729155573827,-0.003982377720524,-0.0054470314167339,-0.000310590355592,0.06298828125,0.2574257425742574,-0.00330765120446,-0.0019705403758873
nrmse,affine,ccc,pooled,task_weighted,101,12,-0.0052601843723212,-0.003982377720524,-0.0090983317828921,-1.9764358076561585e-05,0.11865234375,0.2574257425742574,-0.00330765120446,-0.0019705403758873
nrmse,affine,ccc,mlp,panel_balanced,101,12,-0.0004317570144035,-0.0019252355373323,-0.0029356704997163,0.0019779551836776,0.7431640625,0.4059405940594059,-0.0010456960222591,0.0002995675802754
nrmse,affine,ccc,mlp,task_weighted,101,12,-0.0018652296459219,-0.0019252355373323,-0.004076664284568,0.001667535667339,0.5126953125,0.4059405940594059,-0.0010456960222591,0.0002995675802754
nrmse,affine,ccc,cnn,panel_balanced,101,12,-0.0030227607031541,-0.0009752466654795,-0.0081869162419919,0.0010786270106533,0.27490234375,0.4455445544554455,-0.0038366501460715,-0.0009093319821378
nrmse,affine,ccc,cnn,task_weighted,101,12,-0.0051804686256549,-0.0009752466654795,-0.0138263717448807,0.0025473291278207,0.32275390625,0.4455445544554455,-0.0038366501460715,-0.0009093319821378
nrmse,affine,ccc,transformer,panel_balanced,101,12,-0.0074872591136928,-0.007724465322817,-0.014689631380239,-0.0018766188567224,0.025390625,0.3069306930693069,-0.0085367671618689,-0.0047077977179269
nrmse,affine,ccc,transformer,task_weighted,101,12,-0.0160463887631666,-0.007724465322817,-0.0290490709618866,-0.0019086090700996,0.0234375,0.3069306930693069,-0.0085367671618689,-0.0047077977179269
nrmse,affine,ccc,deepgs,panel_balanced,101,12,0.0012305010082038,0.0007900895097575,-0.0006159690452974,0.0032278885613859,0.2666015625,0.5445544554455446,0.0005612124515338,0.0017032413871943
nrmse,affine,ccc,deepgs,task_weighted,101,12,0.0027586374979213,0.0007900895097575,0.0003791377343981,0.0039409405179027,0.10400390625,0.5445544554455446,0.0005612124515338,0.0017032413871943
nrmse,affine,ccc,dnngp,panel_balanced,101,12,-0.0011004692644719,-0.0021186892757656,-0.0042250959358616,0.0020383355659325,0.52197265625,0.3465346534653465,-0.0018865177356471,-0.0002193016382769
nrmse,affine,ccc,dnngp,task_weighted,101,12,-0.0026039855559509,-0.0021186892757656,-0.0047783602711648,0.0015345670836456,0.34228515625,0.3465346534653465,-0.0018865177356471,-0.0002193016382769
nrmse,affine,ccc,pnngs,panel_balanced,101,12,9.158907236550204e-05,-0.00101228259729,-0.003870793221567,0.0045179445633121,0.96826171875,0.4851485148514851,-0.0014959289544462,0.0011179987383798
nrmse,affine,ccc,pnngs,task_weighted,101,12,0.0001727911371308,-0.00101228259729,-0.0021560381486933,0.0025974258351587,0.85498046875,0.4851485148514851,-0.0014959289544462,0.0011179987383798
nrmse,affine,ccc,soydngp,panel_balanced,101,12,-0.0086902528865257,-0.0084786119996111,-0.0143192993650883,-0.0039457800782702,0.00048828125,0.2574257425742574,-0.0094675954209596,-0.0066221468237282
nrmse,affine,ccc,soydngp,task_weighted,101,12,-0.0140566466506061,-0.0084786119996111,-0.024540407267871,-0.0026040001164021,0.00048828125,0.2574257425742574,-0.0094675954209596,-0.0066221468237282
