panel,strategy,pearson,nrmse
easygese:barley,"MSE training
raw output",0.5414711296816582,0.8429477033900621
easygese:barley,"Pearson training
+ affine calibration",0.5452623087761084,0.8375107526361548
easygese:barley,"Pearson training
raw output",0.5452623087761084,1.029905777491194
easygese:bean,"MSE training
raw output",0.4852528006839746,0.877325416569749
easygese:bean,"Pearson training
+ affine calibration",0.4845403700509955,0.8745375427796309
easygese:bean,"Pearson training
raw output",0.48454037005099393,1.0862426053194276
easygese:lentil,"MSE training
raw output",0.7614964083988447,0.6569099137171491
easygese:lentil,"Pearson training
+ affine calibration",0.762234227524553,0.6571329956163291
easygese:lentil,"Pearson training
raw output",0.762234227524553,0.9803278694459339
easygese:maize,"MSE training
raw output",0.8028629418373162,0.5708001612373451
easygese:maize,"Pearson training
+ affine calibration",0.806184590002796,0.5651359463315696
easygese:maize,"Pearson training
raw output",0.806184590002796,0.943392680841478
easygese:oyster,"MSE training
raw output",0.33346148236076206,0.9791727609683833
easygese:oyster,"Pearson training
+ affine calibration",0.32505068493041817,0.988684087976859
easygese:oyster,"Pearson training
raw output",0.32505068493041833,1.2253269666813862
easygese:pig,"MSE training
raw output",0.24023800203081033,0.9866530669824871
easygese:pig,"Pearson training
+ affine calibration",0.24242759257470559,0.9781018748677724
easygese:pig,"Pearson training
raw output",0.24242759257470559,1.644694533299081
easygese:pine,"MSE training
raw output",0.7454089466720372,0.6490504956252096
easygese:pine,"Pearson training
+ affine calibration",0.7508445307243692,0.6383627088977102
easygese:pine,"Pearson training
raw output",0.7508445307243692,2.008799512826042
easygese:rice,"MSE training
raw output",0.405564454199897,0.9211654862713419
easygese:rice,"Pearson training
+ affine calibration",0.4252175276092454,0.9148135358740169
easygese:rice,"Pearson training
raw output",0.4254539115021001,1.0519261697052409
easygese:soybean,"MSE training
raw output",0.3008621264514368,0.9772937903328378
easygese:soybean,"Pearson training
+ affine calibration",0.29994623044344126,0.9771343272340909
easygese:soybean,"Pearson training
raw output",0.2999462304434424,1.1007302971848032
easygese:wheatG,"MSE training
raw output",0.5029720385364427,0.8676974206873624
easygese:wheatG,"Pearson training
+ affine calibration",0.507775830189029,0.8630462231810694
easygese:wheatG,"Pearson training
raw output",0.5086485165257789,1.0350509946985258
soynam,"MSE training
raw output",0.6431629561120094,0.7687502349921684
soynam,"Pearson training
+ affine calibration",0.6565677862377186,0.7722403017931837
soynam,"Pearson training
raw output",0.6565677862377186,0.9407954851827767
wheat,"MSE training
raw output",0.38795237970828156,0.9341302383934169
wheat,"Pearson training
+ affine calibration",0.40100312370540003,0.9256927305903221
wheat,"Pearson training
raw output",0.4010031237054,1.1392406055800728
