metric,calibration,model,mean_delta,median_task_model_delta,min_task_model_delta,max_task_model_delta,n_fold_seed_pairs
pearson,raw,pooled,0.0093264382198038,0.0013158367552384,-0.0121030980754603,0.0784656546106545,180
pearson,raw,mlp,0.0037562411698119,0.0039275343793149,-0.0025134737771123,0.0096833696977301,60
pearson,raw,cnn,-0.0043705185938365,-0.0027942726388209,-0.0119447073400015,5.1178242297295065e-05,60
pearson,raw,transformer,0.0285935920834362,0.0240059058992753,-0.0121030980754603,0.0784656546106545,60
ndcg@10,raw,pooled,0.002677700302437,0.0058243454895,-0.0344531558635457,0.0377004323062606,180
ndcg@10,raw,mlp,0.0070904556422472,0.0058243454895,0.0016121694209947,0.0151009621689942,60
ndcg@10,raw,cnn,-0.0059774944340926,-0.0084475147249678,-0.0197742995077244,0.0127593512212896,60
ndcg@10,raw,transformer,0.0069201396991565,0.0122166411769556,-0.0344531558635457,0.0377004323062606,60
nrmse,affine,pooled,-0.0012357443469856,-0.0003872932683861,-0.0312401701521361,0.0123736282290475,180
nrmse,affine,mlp,-0.0014514950453564,-0.0028010045321813,-0.0037874180031193,0.0035834468860561,60
nrmse,affine,cnn,0.0073193793604694,0.0066178823976293,0.0036681244175714,0.0123736282290475,60
nrmse,affine,transformer,-0.0095751173560698,-0.0040687576642806,-0.0312401701521361,0.0010772160564179,60
