"Estimate","Std. Error","t value","term","ci_lo","ci_hi"
18.5903455057482,12.572600976492,1.47863958623265,"(Intercept)",-6.05149960016911,43.2321906116656
-0.0382468586699006,0.110122706371507,-0.347311285112009,"lossccc",-0.254083397038134,0.177589679698333
0.0795642277489634,0.110122706371507,0.722505197797696,"losshybrid",-0.13627231061927,0.295400766117197
0.0646008454291884,0.110122706371507,0.586626024348263,"losspearson",-0.151235692939045,0.280437383797422
-0.385464145462461,0.110122706371507,-3.50031485933581,"modelmlp",-0.601300683830694,-0.169627607094227
0.0393406240875679,0.110122706371507,0.357243527550525,"modeltransformer",-0.176495914280666,0.255177162455801
-0.00116781470504063,0.155737024875816,-0.00749863242842763,"lossccc:modelmlp",-0.306406774521058,0.304071145110976
-0.0856423466724496,0.155737024875816,-0.549916416733533,"losshybrid:modelmlp",-0.390881306488467,0.219596613143567
-0.110182068702569,0.155737024875816,-0.707487951503043,"losspearson:modelmlp",-0.415421028518586,0.195056891113448
-0.0475299707850359,0.155737024875816,-0.305193776643263,"lossccc:modeltransformer",-0.352768930601053,0.257708989030981
-0.156630517283823,0.155737024875816,-1.00573718682966,"losshybrid:modeltransformer",-0.46186947709984,0.148608442532194
-0.136067762951016,0.155737024875816,-0.873702082465724,"losspearson:modeltransformer",-0.441306722767033,0.169171196865001
