dropped,n,mean,ci_lo,ci_hi
(none),101,0.05235859656395887,0.03646511947770514,0.07270495318321424
barley,99,0.0530375231820661,0.03702842792075812,0.07345854586096712
bean,96,0.05558971759561263,0.03880955980903261,0.07503310737631948
lentil,96,0.054787092801638994,0.03802589611827137,0.07449485426812663
maize,95,0.055489939571596335,0.038006723070659824,0.07552956107559188
oyster,99,0.05363642484648321,0.03760197714203621,0.0741394408574873
pig,99,0.052746693379145906,0.03672543016835872,0.0732735280708418
pine,84,0.06295822037074676,0.04354658976799906,0.08514434533801407
rice,65,0.00822488029779898,0.003273641625346475,0.016086110269131457
soybean,99,0.05210264878412189,0.03562347976094744,0.07284905748590031
soybeanNAM,97,0.053461213157197846,0.03640993358769726,0.07372377428434514
wheat,97,0.05193515680797875,0.034987574700297536,0.07244788665208692
wheatG,85,0.06253319269422136,0.0441337800826017,0.08559884103314015
