dataset,trait,repeat,fold,y_sd
easygese:barley,BaMMV,1,1,2.3429859835421096
easygese:barley,BaMMV,1,2,2.3902626698659706
easygese:barley,BaMMV,1,3,2.3657141065363003
easygese:barley,BaMMV,1,4,2.430298274610994
easygese:barley,BaMMV,1,5,2.342538135675042
easygese:barley,BaMMV,2,1,2.3691915581243
easygese:barley,BaMMV,2,2,2.3957736496075954
easygese:barley,BaMMV,2,3,2.3417352430663105
easygese:barley,BaMMV,2,4,2.4046384627733857
easygese:barley,BaMMV,2,5,2.359714463548291
easygese:barley,BaYMV,1,1,0.9653891797521088
easygese:barley,BaYMV,1,2,0.9885761157764611
easygese:barley,BaYMV,1,3,1.0579814754183705
easygese:barley,BaYMV,1,4,1.0208666749594035
easygese:barley,BaYMV,1,5,0.9661710825246003
easygese:barley,BaYMV,2,1,0.9501017512818953
easygese:barley,BaYMV,2,2,1.0955234389480684
easygese:barley,BaYMV,2,3,0.9764778287134198
easygese:barley,BaYMV,2,4,1.0004015745420303
easygese:barley,BaYMV,2,5,0.9775587917803592
easygese:bean,DF,1,1,2.4351464462885715
easygese:bean,DF,1,2,2.3606747455731956
easygese:bean,DF,1,3,2.320800635872397
easygese:bean,DF,1,4,2.3750368896596186
easygese:bean,DF,1,5,2.1127261694909887
easygese:bean,DF,2,1,2.1006073931782727
easygese:bean,DF,2,2,2.493684111292621
easygese:bean,DF,2,3,2.33890971376846
easygese:bean,DF,2,4,2.36681753079697
easygese:bean,DF,2,5,2.430884602021887
easygese:bean,DPM,1,1,2.113070087287373
easygese:bean,DPM,1,2,1.928662319100611
easygese:bean,DPM,1,3,1.953631949269853
easygese:bean,DPM,1,4,2.133560319374529
easygese:bean,DPM,1,5,2.0907633224880238
easygese:bean,DPM,2,1,1.8789017090762494
easygese:bean,DPM,2,2,2.3317609228625296
easygese:bean,DPM,2,3,1.9897060994850446
easygese:bean,DPM,2,4,2.026348506965884
easygese:bean,DPM,2,5,2.04452791826729
easygese:bean,PHI,1,1,4.986047296503952
easygese:bean,PHI,1,2,4.801518375973243
easygese:bean,PHI,1,3,4.482860338392626
easygese:bean,PHI,1,4,3.586677744131391
easygese:bean,PHI,1,5,3.8979271334261756
easygese:bean,PHI,2,1,4.482414842791316
easygese:bean,PHI,2,2,4.200931047271703
easygese:bean,PHI,2,3,3.854495336775567
easygese:bean,PHI,2,4,4.679806595792013
easygese:bean,PHI,2,5,4.602399323455248
easygese:bean,X100SdW,1,1,3.062152833755297
easygese:bean,X100SdW,1,2,2.9668614579625374
easygese:bean,X100SdW,1,3,3.2246099891496134
easygese:bean,X100SdW,1,4,2.891922462366925
easygese:bean,X100SdW,1,5,3.0547025946288504
easygese:bean,X100SdW,2,1,3.0117216277798593
easygese:bean,X100SdW,2,2,2.7698763051105595
easygese:bean,X100SdW,2,3,2.934638941841888
easygese:bean,X100SdW,2,4,3.281737644822983
easygese:bean,X100SdW,2,5,3.3327210248137384
easygese:bean,Yd,1,1,217.64685166884087
easygese:bean,Yd,1,2,204.83518536383093
easygese:bean,Yd,1,3,206.1073540964142
easygese:bean,Yd,1,4,200.3606737190078
easygese:bean,Yd,1,5,191.37083648838572
easygese:bean,Yd,2,1,214.54807432129374
easygese:bean,Yd,2,2,186.01921079392824
easygese:bean,Yd,2,3,221.01285135743416
easygese:bean,Yd,2,4,203.6833264424776
easygese:bean,Yd,2,5,194.55393586002324
easygese:lentil,DTF,1,1,4.005299448061163
easygese:lentil,DTF,1,2,3.5125317493142787
easygese:lentil,DTF,1,3,2.468258135781602
easygese:lentil,DTF,1,4,3.1748255321770538
easygese:lentil,DTF,1,5,3.042920510689525
easygese:lentil,DTF,2,1,3.528825005176619
easygese:lentil,DTF,2,2,3.2850185304746957
easygese:lentil,DTF,2,3,3.0130540444134444
easygese:lentil,DTF,2,4,3.3504478195781493
easygese:lentil,DTF,2,5,3.2240414636562917
easygese:lentil,VEG,1,1,4.043551078624305
easygese:lentil,VEG,1,2,3.7467227494100417
easygese:lentil,VEG,1,3,2.601556202459638
easygese:lentil,VEG,1,4,3.3844664302887506
easygese:lentil,VEG,1,5,3.2847507367140887
easygese:lentil,VEG,2,1,3.7174878582628024
easygese:lentil,VEG,2,2,3.4427675670469045
easygese:lentil,VEG,2,3,3.211442559599886
easygese:lentil,VEG,2,4,3.6065377847597
easygese:lentil,VEG,2,5,3.2460417602635667
easygese:lentil,DTM,1,1,4.137467424208984
easygese:lentil,DTM,1,2,3.3365801150137737
easygese:lentil,DTM,1,3,2.71964407695666
easygese:lentil,DTM,1,4,3.247129273790937
easygese:lentil,DTM,1,5,3.3859299290409135
easygese:lentil,DTM,2,1,3.5867751829488492
easygese:lentil,DTM,2,2,3.3547119559944796
easygese:lentil,DTM,2,3,2.98050232055609
easygese:lentil,DTM,2,4,3.4502297325106612
easygese:lentil,DTM,2,5,3.4678458140239963
easygese:lentil,DTS,1,1,4.278277594032162
easygese:lentil,DTS,1,2,3.737374327506589
easygese:lentil,DTS,1,3,2.8307717391293243
easygese:lentil,DTS,1,4,3.500427699987565
easygese:lentil,DTS,1,5,3.3274882019888508
easygese:lentil,DTS,2,1,3.9255961745248054
easygese:lentil,DTS,2,2,3.6955095091941486
easygese:lentil,DTS,2,3,3.048808478093479
easygese:lentil,DTS,2,4,3.5929042495932952
easygese:lentil,DTS,2,5,3.511757247425247
easygese:lentil,REP,1,1,2.3379786950907455
easygese:lentil,REP,1,2,2.1114710651987627
easygese:lentil,REP,1,3,1.9995537963794283
easygese:lentil,REP,1,4,2.2671046102042727
easygese:lentil,REP,1,5,1.9862786144886624
easygese:lentil,REP,2,1,2.2311002406937406
easygese:lentil,REP,2,2,1.9821845578305206
easygese:lentil,REP,2,3,2.2783186991012814
easygese:lentil,REP,2,4,2.146424576251973
easygese:lentil,REP,2,5,2.035099717305027
easygese:maize,Yield_Mg_ha,1,1,0.6798067950769544
easygese:maize,Yield_Mg_ha,1,2,0.6578464965628738
easygese:maize,Yield_Mg_ha,1,3,0.6808222641077485
easygese:maize,Yield_Mg_ha,1,4,0.6817680891297508
easygese:maize,Yield_Mg_ha,1,5,0.7176237609711482
easygese:maize,Yield_Mg_ha,2,1,0.6657542197498159
easygese:maize,Yield_Mg_ha,2,2,0.6857877672470792
easygese:maize,Yield_Mg_ha,2,3,0.6868012485214282
easygese:maize,Yield_Mg_ha,2,4,0.6933534171849987
easygese:maize,Yield_Mg_ha,2,5,0.688835856298881
easygese:maize,Plant_Height_cm,1,1,12.072536116001665
easygese:maize,Plant_Height_cm,1,2,12.093149980923629
easygese:maize,Plant_Height_cm,1,3,12.016515922361162
easygese:maize,Plant_Height_cm,1,4,11.946880039515532
easygese:maize,Plant_Height_cm,1,5,12.589400872112547
easygese:maize,Plant_Height_cm,2,1,12.591402552584992
easygese:maize,Plant_Height_cm,2,2,12.147989613046386
easygese:maize,Plant_Height_cm,2,3,11.99571189070228
easygese:maize,Plant_Height_cm,2,4,12.423501692698235
easygese:maize,Plant_Height_cm,2,5,11.47904282704943
easygese:maize,Ear_Height_cm,1,1,8.96112199109625
easygese:maize,Ear_Height_cm,1,2,9.249907158578122
easygese:maize,Ear_Height_cm,1,3,9.22366000770337
easygese:maize,Ear_Height_cm,1,4,9.13539095373912
easygese:maize,Ear_Height_cm,1,5,9.43580526150107
easygese:maize,Ear_Height_cm,2,1,9.575579977810154
easygese:maize,Ear_Height_cm,2,2,9.290036565197639
easygese:maize,Ear_Height_cm,2,3,9.054448971183486
easygese:maize,Ear_Height_cm,2,4,9.244676184987851
easygese:maize,Ear_Height_cm,2,5,8.766961571453683
easygese:maize,Pollen_DAP_days,1,1,2.395152309038809
easygese:maize,Pollen_DAP_days,1,2,2.4001114471699276
easygese:maize,Pollen_DAP_days,1,3,2.397210283240462
easygese:maize,Pollen_DAP_days,1,4,2.3468149214932343
easygese:maize,Pollen_DAP_days,1,5,2.4912551982220648
easygese:maize,Pollen_DAP_days,2,1,2.493356247556501
easygese:maize,Pollen_DAP_days,2,2,2.373230380133355
easygese:maize,Pollen_DAP_days,2,3,2.3512196474442524
easygese:maize,Pollen_DAP_days,2,4,2.3935404066790715
easygese:maize,Pollen_DAP_days,2,5,2.4172070911210266
easygese:maize,Silk_DAP_days,1,1,2.4361753394407826
easygese:maize,Silk_DAP_days,1,2,2.4618807606559217
easygese:maize,Silk_DAP_days,1,3,2.456088984689558
easygese:maize,Silk_DAP_days,1,4,2.5275763987500794
easygese:maize,Silk_DAP_days,1,5,2.541996874513534
easygese:maize,Silk_DAP_days,2,1,2.4978342207306086
easygese:maize,Silk_DAP_days,2,2,2.4930840202085838
easygese:maize,Silk_DAP_days,2,3,2.4780658727455642
easygese:maize,Silk_DAP_days,2,4,2.4821417240287302
easygese:maize,Silk_DAP_days,2,5,2.477280710816503
easygese:maize,Grain_Moisture,1,1,1.4675484523960858
easygese:maize,Grain_Moisture,1,2,1.4678555869773113
easygese:maize,Grain_Moisture,1,3,1.4064273123831148
easygese:maize,Grain_Moisture,1,4,1.3967364660334862
easygese:maize,Grain_Moisture,1,5,1.4121766627657453
easygese:maize,Grain_Moisture,2,1,1.4914815952326395
easygese:maize,Grain_Moisture,2,2,1.3825487099772191
easygese:maize,Grain_Moisture,2,3,1.4473651915985806
easygese:maize,Grain_Moisture,2,4,1.4411796086052584
easygese:maize,Grain_Moisture,2,5,1.386016011930884
easygese:oyster,daydead,1,1,6.916092958194087
easygese:oyster,daydead,1,2,5.727543917716147
easygese:oyster,daydead,1,3,7.291059298920739
easygese:oyster,daydead,1,4,7.677025631892289
easygese:oyster,daydead,1,5,6.337986117625289
easygese:oyster,daydead,2,1,6.224830335806169
easygese:oyster,daydead,2,2,7.468701595017285
easygese:oyster,daydead,2,3,6.710823655660425
easygese:oyster,daydead,2,4,6.281481018504329
easygese:oyster,daydead,2,5,6.732329688788923
easygese:oyster,mm,1,1,11.90314163123893
easygese:oyster,mm,1,2,10.563888677944313
easygese:oyster,mm,1,3,11.32750148941484
easygese:oyster,mm,1,4,9.259121714071863
easygese:oyster,mm,1,5,11.481375731064073
easygese:oyster,mm,2,1,10.856555909781987
easygese:oyster,mm,2,2,10.93999279626007
easygese:oyster,mm,2,3,9.99514646642648
easygese:oyster,mm,2,4,11.822247713403664
easygese:oyster,mm,2,5,11.516847157278757
easygese:pig,PFAI,1,1,1.51929946155879
easygese:pig,PFAI,1,2,1.3910460173675971
easygese:pig,PFAI,1,3,1.7085134968445033
easygese:pig,PFAI,1,4,1.379806116116399
easygese:pig,PFAI,1,5,1.5274002355654652
easygese:pig,PFAI,2,1,1.4522559387676695
easygese:pig,PFAI,2,2,1.5407436346264778
easygese:pig,PFAI,2,3,1.5128035475146808
easygese:pig,PFAI,2,4,1.5336619181512026
easygese:pig,PFAI,2,5,1.5065422332634055
easygese:pig,MS,1,1,0.5631293526011768
easygese:pig,MS,1,2,0.5279620128455913
easygese:pig,MS,1,3,0.6051660373530865
easygese:pig,MS,1,4,0.5279134296196081
easygese:pig,MS,1,5,0.5533010193759818
easygese:pig,MS,2,1,0.5193105110242142
easygese:pig,MS,2,2,0.5586039021372101
easygese:pig,MS,2,3,0.5652452162637731
easygese:pig,MS,2,4,0.5654021219650561
easygese:pig,MS,2,5,0.5698853470913895
easygese:pine,HTLC,1,1,14.348807407897366
easygese:pine,HTLC,1,2,15.623753053081925
easygese:pine,HTLC,1,3,14.8396737616861
easygese:pine,HTLC,1,4,12.269565603322624
easygese:pine,HTLC,1,5,15.001846240058068
easygese:pine,HTLC,2,1,12.934728081165984
easygese:pine,HTLC,2,2,14.695777159946644
easygese:pine,HTLC,2,3,13.756305805735009
easygese:pine,HTLC,2,4,15.062837055315525
easygese:pine,HTLC,2,5,15.727289953299243
easygese:pine,BA,1,1,4.325493771810016
easygese:pine,BA,1,2,4.374119675844511
easygese:pine,BA,1,3,4.273553553830391
easygese:pine,BA,1,4,4.370219921989177
easygese:pine,BA,1,5,4.264179611559255
easygese:pine,BA,2,1,4.147818965267189
easygese:pine,BA,2,2,4.225465440975326
easygese:pine,BA,2,3,4.406622889508406
easygese:pine,BA,2,4,4.430897791991395
easygese:pine,BA,2,5,4.356118103561832
easygese:pine,BD,1,1,0.0890801454172708
easygese:pine,BD,1,2,0.09271918606852307
easygese:pine,BD,1,3,0.07984021730504393
easygese:pine,BD,1,4,0.0854451768914551
easygese:pine,BD,1,5,0.08362081360593755
easygese:pine,BD,2,1,0.08839747185895663
easygese:pine,BD,2,2,0.08389007569776014
easygese:pine,BD,2,3,0.08434014320859326
easygese:pine,BD,2,4,0.08266919983559563
easygese:pine,BD,2,5,0.0893855815839057
easygese:pine,BLC,1,1,0.30023647343156046
easygese:pine,BLC,1,2,0.3128759142995193
easygese:pine,BLC,1,3,0.30978934319494816
easygese:pine,BLC,1,4,0.2905595144487516
easygese:pine,BLC,1,5,0.30816971960156864
easygese:pine,BLC,2,1,0.299312251996923
easygese:pine,BLC,2,2,0.2911310456730861
easygese:pine,BLC,2,3,0.2971621468056831
easygese:pine,BLC,2,4,0.3024376027678698
easygese:pine,BLC,2,5,0.3329089408605857
easygese:pine,CWAC,1,1,29.02927217423813
easygese:pine,CWAC,1,2,26.67399514332326
easygese:pine,CWAC,1,3,25.11662826797294
easygese:pine,CWAC,1,4,27.32925253316164
easygese:pine,CWAC,1,5,29.61303685652078
easygese:pine,CWAC,2,1,28.24445616417045
easygese:pine,CWAC,2,2,28.014441364524465
easygese:pine,CWAC,2,3,26.55924294706488
easygese:pine,CWAC,2,4,27.819551880226918
easygese:pine,CWAC,2,5,27.028498940655734
easygese:pine,CWAL,1,1,14.995493621012177
easygese:pine,CWAL,1,2,14.090589701741711
easygese:pine,CWAL,1,3,13.751424734113323
easygese:pine,CWAL,1,4,13.418178116319783
easygese:pine,CWAL,1,5,13.997943664165389
easygese:pine,CWAL,2,1,14.86913089070309
easygese:pine,CWAL,2,2,14.22491395879408
easygese:pine,CWAL,2,3,13.819326557681176
easygese:pine,CWAL,2,4,14.223187323278474
easygese:pine,CWAL,2,5,13.04288945993306
easygese:pine,DBH,1,1,0.9510512682179988
easygese:pine,DBH,1,2,1.060219167539727
easygese:pine,DBH,1,3,0.9688451605627998
easygese:pine,DBH,1,4,0.9082902529361623
easygese:pine,DBH,1,5,0.957794218623595
easygese:pine,DBH,2,1,0.9622362436428659
easygese:pine,DBH,2,2,0.996049797837977
easygese:pine,DBH,2,3,0.9880463457776814
easygese:pine,DBH,2,4,0.9715736509628619
easygese:pine,DBH,2,5,0.930105225366245
easygese:pine,HT,1,1,47.7886069836871
easygese:pine,HT,1,2,46.52531732722656
easygese:pine,HT,1,3,43.683858190714794
easygese:pine,HT,1,4,41.103204369291525
easygese:pine,HT,1,5,40.4219906063522
easygese:pine,HT,2,1,41.70595802916634
easygese:pine,HT,2,2,44.045897297025384
easygese:pine,HT,2,3,44.85256496501283
easygese:pine,HT,2,4,42.44303042540553
easygese:pine,HT,2,5,47.374099235963186
easygese:pine,rootnum,1,1,0.24930513758317469
easygese:pine,rootnum,1,2,0.23735366066515926
easygese:pine,rootnum,1,3,0.2399219561034636
easygese:pine,rootnum,1,4,0.22749704732020082
easygese:pine,rootnum,1,5,0.26520876306671815
easygese:pine,rootnum,2,1,0.26461648967165224
easygese:pine,rootnum,2,2,0.23588624987617138
easygese:pine,rootnum,2,3,0.257846209882138
easygese:pine,rootnum,2,4,0.2195258538820549
easygese:pine,rootnum,2,5,0.2411893855196624
easygese:pine,rootnumbin,1,1,0.09914094317729914
easygese:pine,rootnumbin,1,2,0.08980808957675523
easygese:pine,rootnumbin,1,3,0.0889854147387804
easygese:pine,rootnumbin,1,4,0.08694595753487729
easygese:pine,rootnumbin,1,5,0.10013442958506164
easygese:pine,rootnumbin,2,1,0.10139822602103829
easygese:pine,rootnumbin,2,2,0.08697487116656294
easygese:pine,rootnumbin,2,3,0.09561092764073514
easygese:pine,rootnumbin,2,4,0.08829320851265166
easygese:pine,rootnumbin,2,5,0.09299570678687921
easygese:pine,gall,1,1,0.3526317402508354
easygese:pine,gall,1,2,0.3908524913995544
easygese:pine,gall,1,3,0.4084807915322379
easygese:pine,gall,1,4,0.30433732322957713
easygese:pine,gall,1,5,0.35598216064759597
easygese:pine,gall,2,1,0.35381704293421645
easygese:pine,gall,2,2,0.3617303935024582
easygese:pine,gall,2,3,0.37207944182100283
easygese:pine,gall,2,4,0.3519015472935985
easygese:pine,gall,2,5,0.3816958150762066
easygese:pine,rustbin,1,1,0.14700259566289983
easygese:pine,rustbin,1,2,0.15910881454719983
easygese:pine,rustbin,1,3,0.1696807384956295
easygese:pine,rustbin,1,4,0.1342788348463263
easygese:pine,rustbin,1,5,0.14712144829968118
easygese:pine,rustbin,2,1,0.15427670922387857
easygese:pine,rustbin,2,2,0.15109360993334925
easygese:pine,rustbin,2,3,0.15977723356028906
easygese:pine,rustbin,2,4,0.14070938133177147
easygese:pine,rustbin,2,5,0.15372125955730528
easygese:pine,c5c6,1,1,0.8141156253643279
easygese:pine,c5c6,1,2,0.768962127635422
easygese:pine,c5c6,1,3,0.6924304739382688
easygese:pine,c5c6,1,4,0.7760675499295997
easygese:pine,c5c6,1,5,0.6968494142097011
easygese:pine,c5c6,2,1,0.8061897206641296
easygese:pine,c5c6,2,2,0.714582168185668
easygese:pine,c5c6,2,3,0.7292304537078225
easygese:pine,c5c6,2,4,0.7217996905872869
easygese:pine,c5c6,2,5,0.7655370402026168
easygese:pine,density,1,1,0.5521540587564829
easygese:pine,density,1,2,0.5979584141566952
easygese:pine,density,1,3,0.5717366772613657
easygese:pine,density,1,4,0.5717678985129108
easygese:pine,density,1,5,0.6379948959837866
easygese:pine,density,2,1,0.5901200737991449
easygese:pine,density,2,2,0.5465609101742507
easygese:pine,density,2,3,0.5829790794967362
easygese:pine,density,2,4,0.5776801396248911
easygese:pine,density,2,5,0.6344434753025022
easygese:pine,lateWood.4,1,1,0.49288780380978725
easygese:pine,lateWood.4,1,2,0.5022857152112812
easygese:pine,lateWood.4,1,3,0.4612464093112722
easygese:pine,lateWood.4,1,4,0.4418064980024943
easygese:pine,lateWood.4,1,5,0.5138130572993381
easygese:pine,lateWood.4,2,1,0.4630468308870757
easygese:pine,lateWood.4,2,2,0.46093156959203446
easygese:pine,lateWood.4,2,3,0.5244824994298755
easygese:pine,lateWood.4,2,4,0.463767410955266
easygese:pine,lateWood.4,2,5,0.5003614778624563
easygese:pine,lignin,1,1,0.2655195500068291
easygese:pine,lignin,1,2,0.2716694248833825
easygese:pine,lignin,1,3,0.2561765676099497
easygese:pine,lignin,1,4,0.2792926351953518
easygese:pine,lignin,1,5,0.23971189414972452
easygese:pine,lignin,2,1,0.27019067461900936
easygese:pine,lignin,2,2,0.2577927843418352
easygese:pine,lignin,2,3,0.24685812346729988
easygese:pine,lignin,2,4,0.2606817941174245
easygese:pine,lignin,2,5,0.27300634412459407
easygese:pine,stiffnessTree,1,1,0.5693016675996847
easygese:pine,stiffnessTree,1,2,0.5560891887479278
easygese:pine,stiffnessTree,1,3,0.56813020676375
easygese:pine,stiffnessTree,1,4,0.5256778263123782
easygese:pine,stiffnessTree,1,5,0.5221853193769124
easygese:pine,stiffnessTree,2,1,0.530642000132878
easygese:pine,stiffnessTree,2,2,0.5333530154059831
easygese:pine,stiffnessTree,2,3,0.6036838126163325
easygese:pine,stiffnessTree,2,4,0.5337944758049027
easygese:pine,stiffnessTree,2,5,0.5413158627739617
easygese:rice,Flowering_time_at_Arkansas,1,1,13.237324019036711
easygese:rice,Flowering_time_at_Arkansas,1,2,12.89919307190387
easygese:rice,Flowering_time_at_Arkansas,1,3,11.806126974317463
easygese:rice,Flowering_time_at_Arkansas,1,4,11.37486541963616
easygese:rice,Flowering_time_at_Arkansas,1,5,13.850298640287566
easygese:rice,Flowering_time_at_Arkansas,2,1,12.808859919371267
easygese:rice,Flowering_time_at_Arkansas,2,2,14.827070947409844
easygese:rice,Flowering_time_at_Arkansas,2,3,10.409966070198196
easygese:rice,Flowering_time_at_Arkansas,2,4,12.787287288884263
easygese:rice,Flowering_time_at_Arkansas,2,5,12.339566689650724
easygese:rice,Flowering_time_at_Faridpur,1,1,7.353912198480542
easygese:rice,Flowering_time_at_Faridpur,1,2,8.246810607991529
easygese:rice,Flowering_time_at_Faridpur,1,3,8.670484180157837
easygese:rice,Flowering_time_at_Faridpur,1,4,9.033649538231591
easygese:rice,Flowering_time_at_Faridpur,1,5,8.908387901298417
easygese:rice,Flowering_time_at_Faridpur,2,1,7.118095408231716
easygese:rice,Flowering_time_at_Faridpur,2,2,8.730590718027864
easygese:rice,Flowering_time_at_Faridpur,2,3,8.246037236275424
easygese:rice,Flowering_time_at_Faridpur,2,4,7.879513607696706
easygese:rice,Flowering_time_at_Faridpur,2,5,9.708753020037209
easygese:rice,Flowering_time_at_Aberdeen,1,1,42.69097988233122
easygese:rice,Flowering_time_at_Aberdeen,1,2,41.646213520459646
easygese:rice,Flowering_time_at_Aberdeen,1,3,41.05682020331215
easygese:rice,Flowering_time_at_Aberdeen,1,4,25.863208658829972
easygese:rice,Flowering_time_at_Aberdeen,1,5,38.02473813268372
easygese:rice,Flowering_time_at_Aberdeen,2,1,40.535048754316215
easygese:rice,Flowering_time_at_Aberdeen,2,2,42.02891650382159
easygese:rice,Flowering_time_at_Aberdeen,2,3,40.692514177169876
easygese:rice,Flowering_time_at_Aberdeen,2,4,32.78967942696416
easygese:rice,Flowering_time_at_Aberdeen,2,5,35.671711564167474
easygese:rice,FT_ratio_of_Arkansas_Aberdeen,1,1,0.2110865748842923
easygese:rice,FT_ratio_of_Arkansas_Aberdeen,1,2,0.15877635402974183
easygese:rice,FT_ratio_of_Arkansas_Aberdeen,1,3,0.17492214859219526
easygese:rice,FT_ratio_of_Arkansas_Aberdeen,1,4,0.1916415616992168
easygese:rice,FT_ratio_of_Arkansas_Aberdeen,1,5,0.19159246566549298
easygese:rice,FT_ratio_of_Arkansas_Aberdeen,2,1,0.2144575741361056
easygese:rice,FT_ratio_of_Arkansas_Aberdeen,2,2,0.1852381427038999
easygese:rice,FT_ratio_of_Arkansas_Aberdeen,2,3,0.17769639185682584
easygese:rice,FT_ratio_of_Arkansas_Aberdeen,2,4,0.1913161576498937
easygese:rice,FT_ratio_of_Arkansas_Aberdeen,2,5,0.1588601603061932
easygese:rice,FT_ratio_of_Faridpur_Aberdeen,1,1,0.1569982231504884
easygese:rice,FT_ratio_of_Faridpur_Aberdeen,1,2,0.1738130248328606
easygese:rice,FT_ratio_of_Faridpur_Aberdeen,1,3,0.13446902963565166
easygese:rice,FT_ratio_of_Faridpur_Aberdeen,1,4,0.14872681029483883
easygese:rice,FT_ratio_of_Faridpur_Aberdeen,1,5,0.16206649960135572
easygese:rice,FT_ratio_of_Faridpur_Aberdeen,2,1,0.13124754417892298
easygese:rice,FT_ratio_of_Faridpur_Aberdeen,2,2,0.1771663798679493
easygese:rice,FT_ratio_of_Faridpur_Aberdeen,2,3,0.15249115709628344
easygese:rice,FT_ratio_of_Faridpur_Aberdeen,2,4,0.14731199171270762
easygese:rice,FT_ratio_of_Faridpur_Aberdeen,2,5,0.16370947979649741
easygese:rice,Culm_habit,1,1,1.8234784580258574
easygese:rice,Culm_habit,1,2,1.6839569523731486
easygese:rice,Culm_habit,1,3,1.9415824482980961
easygese:rice,Culm_habit,1,4,1.7121952036465078
easygese:rice,Culm_habit,1,5,1.9250850665020292
easygese:rice,Culm_habit,2,1,1.7992919456079142
easygese:rice,Culm_habit,2,2,1.6573895066532103
easygese:rice,Culm_habit,2,3,1.8915041735537859
easygese:rice,Culm_habit,2,4,1.812974673520864
easygese:rice,Culm_habit,2,5,1.8307081123922444
easygese:rice,Leaf_pubescence,1,1,0.3385728008476672
easygese:rice,Leaf_pubescence,1,2,0.31684633252352196
easygese:rice,Leaf_pubescence,1,3,0.31684633252352196
easygese:rice,Leaf_pubescence,1,4,0.3754669573987245
easygese:rice,Leaf_pubescence,1,5,0.39125361044014567
easygese:rice,Leaf_pubescence,2,1,0.4055506652868807
easygese:rice,Leaf_pubescence,2,2,0.3579936973775524
easygese:rice,Leaf_pubescence,2,3,0.3385728008476672
easygese:rice,Leaf_pubescence,2,4,0.31684633252352196
easygese:rice,Leaf_pubescence,2,5,0.316846332523522
easygese:rice,Flag_leaf_length,1,1,5.694922398445707
easygese:rice,Flag_leaf_length,1,2,6.533392296157208
easygese:rice,Flag_leaf_length,1,3,5.033996794222941
easygese:rice,Flag_leaf_length,1,4,5.252357278162974
easygese:rice,Flag_leaf_length,1,5,5.8880655511973075
easygese:rice,Flag_leaf_length,2,1,5.710366375129617
easygese:rice,Flag_leaf_length,2,2,5.493875338041991
easygese:rice,Flag_leaf_length,2,3,5.675139272203546
easygese:rice,Flag_leaf_length,2,4,6.4052759395625145
easygese:rice,Flag_leaf_length,2,5,4.956336330198371
easygese:rice,Flag_leaf_width,1,1,0.2548190497214569
easygese:rice,Flag_leaf_width,1,2,0.26860843034837484
easygese:rice,Flag_leaf_width,1,3,0.21182878708762373
easygese:rice,Flag_leaf_width,1,4,0.22368351858478386
easygese:rice,Flag_leaf_width,1,5,0.28127448681574485
easygese:rice,Flag_leaf_width,2,1,0.2587544102397019
easygese:rice,Flag_leaf_width,2,2,0.24321845483425308
easygese:rice,Flag_leaf_width,2,3,0.23837466159353352
easygese:rice,Flag_leaf_width,2,4,0.2691551574603192
easygese:rice,Flag_leaf_width,2,5,0.2316446371742386
easygese:rice,Awn_presence,1,1,0.40434491426080943
easygese:rice,Awn_presence,1,2,0.4411764705882353
easygese:rice,Awn_presence,1,3,0.4241825029957635
easygese:rice,Awn_presence,1,4,0.4168429863811624
easygese:rice,Awn_presence,1,5,0.42635393603240895
easygese:rice,Awn_presence,2,1,0.40434491426080943
easygese:rice,Awn_presence,2,2,0.4330127018922193
easygese:rice,Awn_presence,2,3,0.4330127018922193
easygese:rice,Awn_presence,2,4,0.3834397784676158
easygese:rice,Awn_presence,2,5,0.4507363841952686
easygese:rice,Panicle_number_per_plant,1,1,0.4168934963798911
easygese:rice,Panicle_number_per_plant,1,2,0.43126573082531344
easygese:rice,Panicle_number_per_plant,1,3,0.4131314624642145
easygese:rice,Panicle_number_per_plant,1,4,0.3923695363470006
easygese:rice,Panicle_number_per_plant,1,5,0.3985894307117949
easygese:rice,Panicle_number_per_plant,2,1,0.43653676458221335
easygese:rice,Panicle_number_per_plant,2,2,0.3835114255171246
easygese:rice,Panicle_number_per_plant,2,3,0.4039845994708928
easygese:rice,Panicle_number_per_plant,2,4,0.40075482766919146
easygese:rice,Panicle_number_per_plant,2,5,0.42029974762920247
easygese:rice,Plant_height,1,1,18.570199855484574
easygese:rice,Plant_height,1,2,19.91603245921605
easygese:rice,Plant_height,1,3,22.537230220118147
easygese:rice,Plant_height,1,4,23.784669275148406
easygese:rice,Plant_height,1,5,17.832186947525553
easygese:rice,Plant_height,2,1,22.28290674695313
easygese:rice,Plant_height,2,2,20.974215008325643
easygese:rice,Plant_height,2,3,18.51716395874956
easygese:rice,Plant_height,2,4,20.848918301473457
easygese:rice,Plant_height,2,5,21.656684562149792
easygese:rice,Panicle_length,1,1,3.495212186780672
easygese:rice,Panicle_length,1,2,3.474063107385241
easygese:rice,Panicle_length,1,3,3.7819602743709573
easygese:rice,Panicle_length,1,4,2.9336768146516805
easygese:rice,Panicle_length,1,5,3.5168900292720715
easygese:rice,Panicle_length,2,1,3.8744035053068013
easygese:rice,Panicle_length,2,2,3.3941172779923923
easygese:rice,Panicle_length,2,3,3.109731474289361
easygese:rice,Panicle_length,2,4,3.3337178394021305
easygese:rice,Panicle_length,2,5,3.6849047983882866
easygese:rice,Primary_panicle_branch_number,1,1,1.8621558392950022
easygese:rice,Primary_panicle_branch_number,1,2,1.8641525240787016
easygese:rice,Primary_panicle_branch_number,1,3,1.6029929287136517
easygese:rice,Primary_panicle_branch_number,1,4,1.773583735148449
easygese:rice,Primary_panicle_branch_number,1,5,1.7099150449452152
easygese:rice,Primary_panicle_branch_number,2,1,1.8886775564905443
easygese:rice,Primary_panicle_branch_number,2,2,1.9906907338751179
easygese:rice,Primary_panicle_branch_number,2,3,1.8490961225639584
easygese:rice,Primary_panicle_branch_number,2,4,1.597777414949898
easygese:rice,Primary_panicle_branch_number,2,5,1.5040086692486665
easygese:rice,Seed_number_per_panicle,1,1,0.33130140797228047
easygese:rice,Seed_number_per_panicle,1,2,0.3194314600104975
easygese:rice,Seed_number_per_panicle,1,3,0.3673057358127271
easygese:rice,Seed_number_per_panicle,1,4,0.3107364695240167
easygese:rice,Seed_number_per_panicle,1,5,0.34038847064526406
easygese:rice,Seed_number_per_panicle,2,1,0.3034645480188688
easygese:rice,Seed_number_per_panicle,2,2,0.3824539650609047
easygese:rice,Seed_number_per_panicle,2,3,0.29172388056113413
easygese:rice,Seed_number_per_panicle,2,4,0.3832580258626823
easygese:rice,Seed_number_per_panicle,2,5,0.2955241208071976
easygese:rice,Florets_per_panicle,1,1,0.31325869173308224
easygese:rice,Florets_per_panicle,1,2,0.33944784452654975
easygese:rice,Florets_per_panicle,1,3,0.30109738524074753
easygese:rice,Florets_per_panicle,1,4,0.33086072919427195
easygese:rice,Florets_per_panicle,1,5,0.3326101847743413
easygese:rice,Florets_per_panicle,2,1,0.35357066831369566
easygese:rice,Florets_per_panicle,2,2,0.30273608007439534
easygese:rice,Florets_per_panicle,2,3,0.3169494878413897
easygese:rice,Florets_per_panicle,2,4,0.357373385615203
easygese:rice,Florets_per_panicle,2,5,0.295991685531273
easygese:rice,Panicle_fertility,1,1,0.11089820601929806
easygese:rice,Panicle_fertility,1,2,0.11043885838269864
easygese:rice,Panicle_fertility,1,3,0.10832978618592981
easygese:rice,Panicle_fertility,1,4,0.11319978231532112
easygese:rice,Panicle_fertility,1,5,0.07281839313313575
easygese:rice,Panicle_fertility,2,1,0.07942241084653304
easygese:rice,Panicle_fertility,2,2,0.11553704632594694
easygese:rice,Panicle_fertility,2,3,0.08834899101518107
easygese:rice,Panicle_fertility,2,4,0.13653105448387673
easygese:rice,Panicle_fertility,2,5,0.08497046696499136
easygese:rice,Seed_length,1,1,0.9372473398047599
easygese:rice,Seed_length,1,2,0.9666030316276971
easygese:rice,Seed_length,1,3,0.995639310288711
easygese:rice,Seed_length,1,4,0.8638968275527116
easygese:rice,Seed_length,1,5,0.9990153551803099
easygese:rice,Seed_length,2,1,0.9624307076822963
easygese:rice,Seed_length,2,2,1.0537871171110862
easygese:rice,Seed_length,2,3,0.8984540180138387
easygese:rice,Seed_length,2,4,0.7892557324298336
easygese:rice,Seed_length,2,5,1.0539005721179964
easygese:rice,Seed_width,1,1,0.4220211776153048
easygese:rice,Seed_width,1,2,0.3937179291759776
easygese:rice,Seed_width,1,3,0.3578637131844608
easygese:rice,Seed_width,1,4,0.3734527575111919
easygese:rice,Seed_width,1,5,0.37645968466784013
easygese:rice,Seed_width,2,1,0.39462479087150076
easygese:rice,Seed_width,2,2,0.35063518041120895
easygese:rice,Seed_width,2,3,0.40195553065210077
easygese:rice,Seed_width,2,4,0.3628584961966016
easygese:rice,Seed_width,2,5,0.4149872861851937
easygese:rice,Seed_volume,1,1,0.2687672223582895
easygese:rice,Seed_volume,1,2,0.22600654330739073
easygese:rice,Seed_volume,1,3,0.2334805727745534
easygese:rice,Seed_volume,1,4,0.2408789215806192
easygese:rice,Seed_volume,1,5,0.23281509303777637
easygese:rice,Seed_volume,2,1,0.24139468180559506
easygese:rice,Seed_volume,2,2,0.23468422729603927
easygese:rice,Seed_volume,2,3,0.26661280698879597
easygese:rice,Seed_volume,2,4,0.21944010816132556
easygese:rice,Seed_volume,2,5,0.23878570913293654
easygese:rice,Seed_surface_area,1,1,0.15682884195099797
easygese:rice,Seed_surface_area,1,2,0.13529618802416546
easygese:rice,Seed_surface_area,1,3,0.14759943422282837
easygese:rice,Seed_surface_area,1,4,0.1447365832005228
easygese:rice,Seed_surface_area,1,5,0.14496671735687655
easygese:rice,Seed_surface_area,2,1,0.14609215178525853
easygese:rice,Seed_surface_area,2,2,0.15347920715252514
easygese:rice,Seed_surface_area,2,3,0.15803880046413163
easygese:rice,Seed_surface_area,2,4,0.1266497382035498
easygese:rice,Seed_surface_area,2,5,0.1429986541640706
easygese:rice,Brown_rice_seed_length,1,1,0.7588759000237444
easygese:rice,Brown_rice_seed_length,1,2,0.7968355323826156
easygese:rice,Brown_rice_seed_length,1,3,0.7783534207658029
easygese:rice,Brown_rice_seed_length,1,4,0.7070411396782044
easygese:rice,Brown_rice_seed_length,1,5,0.7785367384193801
easygese:rice,Brown_rice_seed_length,2,1,0.7866984061266319
easygese:rice,Brown_rice_seed_length,2,2,0.8147992455900498
easygese:rice,Brown_rice_seed_length,2,3,0.7154887218825841
easygese:rice,Brown_rice_seed_length,2,4,0.6792222740772624
easygese:rice,Brown_rice_seed_length,2,5,0.8265238680445867
easygese:rice,Brown_rice_seed_width,1,1,0.347220881489086
easygese:rice,Brown_rice_seed_width,1,2,0.32563087344137004
easygese:rice,Brown_rice_seed_width,1,3,0.28591261239539584
easygese:rice,Brown_rice_seed_width,1,4,0.30404293120559034
easygese:rice,Brown_rice_seed_width,1,5,0.3112787445023788
easygese:rice,Brown_rice_seed_width,2,1,0.31836625744719205
easygese:rice,Brown_rice_seed_width,2,2,0.2810886914461395
easygese:rice,Brown_rice_seed_width,2,3,0.3164293988957823
easygese:rice,Brown_rice_seed_width,2,4,0.31968246978703124
easygese:rice,Brown_rice_seed_width,2,5,0.33886576000007007
easygese:rice,Brown_rice_surface_area,1,1,0.1546991538241807
easygese:rice,Brown_rice_surface_area,1,2,0.13317092022269486
easygese:rice,Brown_rice_surface_area,1,3,0.1309985494034007
easygese:rice,Brown_rice_surface_area,1,4,0.13230914906546523
easygese:rice,Brown_rice_surface_area,1,5,0.13101194796151305
easygese:rice,Brown_rice_surface_area,2,1,0.13920750784120972
easygese:rice,Brown_rice_surface_area,2,2,0.1435079504137645
easygese:rice,Brown_rice_surface_area,2,3,0.14506965521869672
easygese:rice,Brown_rice_surface_area,2,4,0.12788561112319902
easygese:rice,Brown_rice_surface_area,2,5,0.12510171455690874
easygese:rice,Brown_rice_volume,1,1,1.467404468098414
easygese:rice,Brown_rice_volume,1,2,1.2329875264327064
easygese:rice,Brown_rice_volume,1,3,1.2067061134062018
easygese:rice,Brown_rice_volume,1,4,1.2716243510763467
easygese:rice,Brown_rice_volume,1,5,1.2688207623366394
easygese:rice,Brown_rice_volume,2,1,1.3226569592001525
easygese:rice,Brown_rice_volume,2,2,1.2101671898845598
easygese:rice,Brown_rice_volume,2,3,1.3826812003770332
easygese:rice,Brown_rice_volume,2,4,1.252533881213216
easygese:rice,Brown_rice_volume,2,5,1.2752683951509098
easygese:rice,Seed_length_width_ratio,1,1,0.5792172559513716
easygese:rice,Seed_length_width_ratio,1,2,0.5610516144649063
easygese:rice,Seed_length_width_ratio,1,3,0.5200656002115689
easygese:rice,Seed_length_width_ratio,1,4,0.48717932834082034
easygese:rice,Seed_length_width_ratio,1,5,0.5687014784230796
easygese:rice,Seed_length_width_ratio,2,1,0.5509793190311231
easygese:rice,Seed_length_width_ratio,2,2,0.5298770045884218
easygese:rice,Seed_length_width_ratio,2,3,0.5275657397385198
easygese:rice,Seed_length_width_ratio,2,4,0.49708925155102823
easygese:rice,Seed_length_width_ratio,2,5,0.6182716772056589
easygese:rice,Brown_rice_length_width_ratio,1,1,0.5289440557201042
easygese:rice,Brown_rice_length_width_ratio,1,2,0.5236375534036817
easygese:rice,Brown_rice_length_width_ratio,1,3,0.49592843347817345
easygese:rice,Brown_rice_length_width_ratio,1,4,0.4577726001118334
easygese:rice,Brown_rice_length_width_ratio,1,5,0.5226376687010051
easygese:rice,Brown_rice_length_width_ratio,2,1,0.5106990289429434
easygese:rice,Brown_rice_length_width_ratio,2,2,0.4825319684840743
easygese:rice,Brown_rice_length_width_ratio,2,3,0.4854876985032944
easygese:rice,Brown_rice_length_width_ratio,2,4,0.4818391662646446
easygese:rice,Brown_rice_length_width_ratio,2,5,0.5731187146844999
easygese:rice,Seed_color,1,1,0.11866605518454394
easygese:rice,Seed_color,1,2,0.11951030798891767
easygese:rice,Seed_color,1,3,0.0
easygese:rice,Seed_color,1,4,0.0
easygese:rice,Seed_color,1,5,0.2592542582608452
easygese:rice,Seed_color,2,1,0.0
easygese:rice,Seed_color,2,2,0.1677657522143511
easygese:rice,Seed_color,2,3,0.1677657522143511
easygese:rice,Seed_color,2,4,0.11951030798891767
easygese:rice,Seed_color,2,5,0.1677657522143511
easygese:rice,Pericarp_color,1,1,0.318157963590287
easygese:rice,Pericarp_color,1,2,0.2817713347133852
easygese:rice,Pericarp_color,1,3,0.203931119992323
easygese:rice,Pericarp_color,1,4,0.25925425826084525
easygese:rice,Pericarp_color,1,5,0.3367811605397754
easygese:rice,Pericarp_color,2,1,0.25753937681885636
easygese:rice,Pericarp_color,2,2,0.3019227051594154
easygese:rice,Pericarp_color,2,3,0.3367811605397754
easygese:rice,Pericarp_color,2,4,0.2817713347133852
easygese:rice,Pericarp_color,2,5,0.23368863038546522
easygese:rice,Straighthead_suseptability,1,1,1.3313782287028353
easygese:rice,Straighthead_suseptability,1,2,1.4904350998743423
easygese:rice,Straighthead_suseptability,1,3,1.5270006186011649
easygese:rice,Straighthead_suseptability,1,4,1.3153264735486025
easygese:rice,Straighthead_suseptability,1,5,1.318994604905749
easygese:rice,Straighthead_suseptability,2,1,1.3681135184648459
easygese:rice,Straighthead_suseptability,2,2,1.5734031864438158
easygese:rice,Straighthead_suseptability,2,3,1.20548983195415
easygese:rice,Straighthead_suseptability,2,4,1.5812803344352202
easygese:rice,Straighthead_suseptability,2,5,1.2599114018901458
easygese:rice,Blast_resistance,1,1,2.7588051926798527
easygese:rice,Blast_resistance,1,2,2.7957870306539707
easygese:rice,Blast_resistance,1,3,2.926248883118379
easygese:rice,Blast_resistance,1,4,2.9956716180026435
easygese:rice,Blast_resistance,1,5,2.9282066975655625
easygese:rice,Blast_resistance,2,1,2.7914262468303512
easygese:rice,Blast_resistance,2,2,2.904775923785139
easygese:rice,Blast_resistance,2,3,3.0643332730472546
easygese:rice,Blast_resistance,2,4,2.87619389984072
easygese:rice,Blast_resistance,2,5,2.7844647501156623
easygese:rice,Amylose_content,1,1,5.45078873432666
easygese:rice,Amylose_content,1,2,4.559573551816088
easygese:rice,Amylose_content,1,3,4.7752613357515825
easygese:rice,Amylose_content,1,4,5.438191002317232
easygese:rice,Amylose_content,1,5,5.734348899810994
easygese:rice,Amylose_content,2,1,5.43357963886409
easygese:rice,Amylose_content,2,2,3.913517820814664
easygese:rice,Amylose_content,2,3,4.9729783652105946
easygese:rice,Amylose_content,2,4,6.055714786349509
easygese:rice,Amylose_content,2,5,5.0597142182507735
easygese:rice,Alkali_spreading_value,1,1,0.942756803081103
easygese:rice,Alkali_spreading_value,1,2,1.1741325099775004
easygese:rice,Alkali_spreading_value,1,3,1.1411280560659787
easygese:rice,Alkali_spreading_value,1,4,0.815823957828685
easygese:rice,Alkali_spreading_value,1,5,1.098556616875302
easygese:rice,Alkali_spreading_value,2,1,0.6781931201381752
easygese:rice,Alkali_spreading_value,2,2,1.0701620877185318
easygese:rice,Alkali_spreading_value,2,3,0.9334519264571502
easygese:rice,Alkali_spreading_value,2,4,1.0842132286967838
easygese:rice,Alkali_spreading_value,2,5,1.3011191408513187
easygese:rice,Protein_content,1,1,0.9078184137122834
easygese:rice,Protein_content,1,2,1.257026262601638
easygese:rice,Protein_content,1,3,0.872747966964593
easygese:rice,Protein_content,1,4,0.7757468968287321
easygese:rice,Protein_content,1,5,0.847880746247625
easygese:rice,Protein_content,2,1,0.7645230974986932
easygese:rice,Protein_content,2,2,1.1800727826177022
easygese:rice,Protein_content,2,3,1.0234182136181658
easygese:rice,Protein_content,2,4,0.9322798343111002
easygese:rice,Protein_content,2,5,0.7795312849921915
easygese:rice,Year07Flowering_time_at_Arkansas,1,1,14.146615499963454
easygese:rice,Year07Flowering_time_at_Arkansas,1,2,13.892054810257953
easygese:rice,Year07Flowering_time_at_Arkansas,1,3,14.49596851338369
easygese:rice,Year07Flowering_time_at_Arkansas,1,4,17.826169873756132
easygese:rice,Year07Flowering_time_at_Arkansas,1,5,12.93946355480824
easygese:rice,Year07Flowering_time_at_Arkansas,2,1,14.412507483859924
easygese:rice,Year07Flowering_time_at_Arkansas,2,2,12.102119191585231
easygese:rice,Year07Flowering_time_at_Arkansas,2,3,14.487752257377668
easygese:rice,Year07Flowering_time_at_Arkansas,2,4,16.207003538255233
easygese:rice,Year07Flowering_time_at_Arkansas,2,5,16.271569641997996
easygese:rice,Year06Flowering_time_at_Arkansas,1,1,11.29916680476132
easygese:rice,Year06Flowering_time_at_Arkansas,1,2,11.567914513852413
easygese:rice,Year06Flowering_time_at_Arkansas,1,3,12.246860817445494
easygese:rice,Year06Flowering_time_at_Arkansas,1,4,11.266443523644908
easygese:rice,Year06Flowering_time_at_Arkansas,1,5,12.675008570278196
easygese:rice,Year06Flowering_time_at_Arkansas,2,1,10.84068595912721
easygese:rice,Year06Flowering_time_at_Arkansas,2,2,10.937821900668801
easygese:rice,Year06Flowering_time_at_Arkansas,2,3,12.33322647983906
easygese:rice,Year06Flowering_time_at_Arkansas,2,4,13.00039307313913
easygese:rice,Year06Flowering_time_at_Arkansas,2,5,12.21571744150549
easygese:soybean,C13,1,1,0.25129560980516974
easygese:soybean,C13,1,2,0.24424505687146172
easygese:soybean,C13,1,3,0.31239233225050156
easygese:soybean,C13,1,4,0.2526106684494379
easygese:soybean,C13,1,5,0.2848005577657752
easygese:soybean,C13,2,1,0.2307068634164447
easygese:soybean,C13,2,2,0.28312619424569824
easygese:soybean,C13,2,3,0.2505682494602123
easygese:soybean,C13,2,4,0.33731739766389185
easygese:soybean,C13,2,5,0.2464563599645193
easygese:soybean,Wilt,1,1,5.989474451834958
easygese:soybean,Wilt,1,2,7.6642318433064185
easygese:soybean,Wilt,1,3,6.943824746557265
easygese:soybean,Wilt,1,4,4.511815278316486
easygese:soybean,Wilt,1,5,6.65142545361574
easygese:soybean,Wilt,2,1,5.846578288073412
easygese:soybean,Wilt,2,2,6.286101364388665
easygese:soybean,Wilt,2,3,6.230909723293715
easygese:soybean,Wilt,2,4,7.537836890126147
easygese:soybean,Wilt,2,5,6.146365641296761
easygese:wheatG,EW,1,1,3.1302150975157312
easygese:wheatG,EW,1,2,3.2762674778058414
easygese:wheatG,EW,1,3,3.232900044379484
easygese:wheatG,EW,1,4,3.1166425391889274
easygese:wheatG,EW,1,5,2.767907047847068
easygese:wheatG,EW,2,1,3.226400497492779
easygese:wheatG,EW,2,2,2.767395129421796
easygese:wheatG,EW,2,3,3.008075410020837
easygese:wheatG,EW,2,4,3.2192113261967954
easygese:wheatG,EW,2,5,3.338447069879764
easygese:wheatG,GH,1,1,4.003025100363591
easygese:wheatG,GH,1,2,3.724143890693871
easygese:wheatG,GH,1,3,3.8366741236748934
easygese:wheatG,GH,1,4,3.826834675300135
easygese:wheatG,GH,1,5,3.3262272408237252
easygese:wheatG,GH,2,1,3.2487932132857185
easygese:wheatG,GH,2,2,3.898657977126903
easygese:wheatG,GH,2,3,3.9295437242584486
easygese:wheatG,GH,2,4,3.3099111835664696
easygese:wheatG,GH,2,5,4.323615585293176
easygese:wheatG,GPE,1,1,6.43384528199823
easygese:wheatG,GPE,1,2,6.478920533560115
easygese:wheatG,GPE,1,3,6.724667390462445
easygese:wheatG,GPE,1,4,5.559882702491775
easygese:wheatG,GPE,1,5,6.217722459736819
easygese:wheatG,GPE,2,1,6.604553660072308
easygese:wheatG,GPE,2,2,5.444137313463732
easygese:wheatG,GPE,2,3,6.787528072889376
easygese:wheatG,GPE,2,4,6.985231002032645
easygese:wheatG,GPE,2,5,5.756719723173334
easygese:wheatG,GY,1,1,5.109118070020912
easygese:wheatG,GY,1,2,3.719563870114584
easygese:wheatG,GY,1,3,5.649982841083969
easygese:wheatG,GY,1,4,5.571004218030354
easygese:wheatG,GY,1,5,4.900493647151934
easygese:wheatG,GY,2,1,5.689007417372149
easygese:wheatG,GY,2,2,5.69239433867562
easygese:wheatG,GY,2,3,4.526031405912461
easygese:wheatG,GY,2,4,4.95884635356599
easygese:wheatG,GY,2,5,4.2750669226576505
easygese:wheatG,HAG,1,1,51.81816932628849
easygese:wheatG,HAG,1,2,54.29773754999352
easygese:wheatG,HAG,1,3,47.97667990483507
easygese:wheatG,HAG,1,4,49.54607490951058
easygese:wheatG,HAG,1,5,47.77491442740329
easygese:wheatG,HAG,2,1,47.8629568391351
easygese:wheatG,HAG,2,2,47.39934136428007
easygese:wheatG,HAG,2,3,58.159687518792495
easygese:wheatG,HAG,2,4,52.2525218366556
easygese:wheatG,HAG,2,5,41.90241299777506
easygese:wheatG,HD,1,1,3.1342357772108786
easygese:wheatG,HD,1,2,3.054693223146438
easygese:wheatG,HD,1,3,3.290994628763325
easygese:wheatG,HD,1,4,3.230093574928825
easygese:wheatG,HD,1,5,3.09183450826942
easygese:wheatG,HD,2,1,3.186874919838968
easygese:wheatG,HD,2,2,2.9774695817818415
easygese:wheatG,HD,2,3,3.3664144119250827
easygese:wheatG,HD,2,4,3.250362158917934
easygese:wheatG,HD,2,5,2.9820971887488037
easygese:wheatG,PC,1,1,0.5555227629846397
easygese:wheatG,PC,1,2,0.4555339257522146
easygese:wheatG,PC,1,3,0.6458950630688212
easygese:wheatG,PC,1,4,0.6593166518384919
easygese:wheatG,PC,1,5,0.613849204714643
easygese:wheatG,PC,2,1,0.6960734357904456
easygese:wheatG,PC,2,2,0.6702713488620818
easygese:wheatG,PC,2,3,0.5419326436308898
easygese:wheatG,PC,2,4,0.5673738771163638
easygese:wheatG,PC,2,5,0.46730808990411915
easygese:wheatG,PH,1,1,9.11331169037885
easygese:wheatG,PH,1,2,9.05003773974073
easygese:wheatG,PH,1,3,8.422576338188037
easygese:wheatG,PH,1,4,8.71006167224579
easygese:wheatG,PH,1,5,9.762874879545064
easygese:wheatG,PH,2,1,8.595368748011953
easygese:wheatG,PH,2,2,9.331709853427443
easygese:wheatG,PH,2,3,8.925781533599244
easygese:wheatG,PH,2,4,9.612968364905312
easygese:wheatG,PH,2,5,8.364641967304575
easygese:wheatG,SDS,1,1,12.150340924862045
easygese:wheatG,SDS,1,2,10.678295500870354
easygese:wheatG,SDS,1,3,11.569813265095053
easygese:wheatG,SDS,1,4,12.211586602298933
easygese:wheatG,SDS,1,5,10.669723284848843
easygese:wheatG,SDS,2,1,9.520100936026545
easygese:wheatG,SDS,2,2,11.276494400669158
easygese:wheatG,SDS,2,3,12.93584835584925
easygese:wheatG,SDS,2,4,12.143425244573931
easygese:wheatG,SDS,2,5,11.49520789798208
easygese:wheatG,STC,1,1,0.7317960925805316
easygese:wheatG,STC,1,2,0.7148950362217434
easygese:wheatG,STC,1,3,0.8283462848337654
easygese:wheatG,STC,1,4,0.869700892557988
easygese:wheatG,STC,1,5,0.7684830585214225
easygese:wheatG,STC,2,1,0.837113233795189
easygese:wheatG,STC,2,2,0.8246843724171329
easygese:wheatG,STC,2,3,0.7854405159185149
easygese:wheatG,STC,2,4,0.7188414509363537
easygese:wheatG,STC,2,5,0.7642121546405931
easygese:wheatG,SW,1,1,2.4702092287591015
easygese:wheatG,SW,1,2,2.043329177477594
easygese:wheatG,SW,1,3,2.476332807367192
easygese:wheatG,SW,1,4,2.1512302457767127
easygese:wheatG,SW,1,5,2.2438189887991817
easygese:wheatG,SW,2,1,2.1701386949483217
easygese:wheatG,SW,2,2,2.1894240547688284
easygese:wheatG,SW,2,3,2.2696379825789146
easygese:wheatG,SW,2,4,2.4072706998686613
easygese:wheatG,SW,2,5,2.3912150087061295
easygese:wheatG,TKW,1,1,3.452598137624536
easygese:wheatG,TKW,1,2,3.1603522002537625
easygese:wheatG,TKW,1,3,3.4065797388529044
easygese:wheatG,TKW,1,4,3.745712797786417
easygese:wheatG,TKW,1,5,3.400042191060264
easygese:wheatG,TKW,2,1,3.0197696607754074
easygese:wheatG,TKW,2,2,2.9432161253712392
easygese:wheatG,TKW,2,3,3.9575198878276967
easygese:wheatG,TKW,2,4,3.4648141695880965
easygese:wheatG,TKW,2,5,3.720556552888652
easygese:wheatG,ZEL,1,1,9.42420444618192
easygese:wheatG,ZEL,1,2,8.234904585668856
easygese:wheatG,ZEL,1,3,9.171268304732473
easygese:wheatG,ZEL,1,4,8.50067560875703
easygese:wheatG,ZEL,1,5,8.994761966029428
easygese:wheatG,ZEL,2,1,8.393234268947623
easygese:wheatG,ZEL,2,2,9.478050216956108
easygese:wheatG,ZEL,2,3,9.69567670529684
easygese:wheatG,ZEL,2,4,8.268747216057385
easygese:wheatG,ZEL,2,5,8.925537091174403
easygese:wheatG,DTR,1,1,2.1407250570594556
easygese:wheatG,DTR,1,2,2.3304161751481707
easygese:wheatG,DTR,1,3,2.099942564133677
easygese:wheatG,DTR,1,4,2.0308084940369304
easygese:wheatG,DTR,1,5,2.1668726573835833
easygese:wheatG,DTR,2,1,2.246275466847442
easygese:wheatG,DTR,2,2,2.057727380379741
easygese:wheatG,DTR,2,3,2.3658952400077182
easygese:wheatG,DTR,2,4,2.0980729379283023
easygese:wheatG,DTR,2,5,1.931452768518431
easygese:wheatG,FHB,1,1,7.327494551814182
easygese:wheatG,FHB,1,2,6.315811718556302
easygese:wheatG,FHB,1,3,6.900779293883519
easygese:wheatG,FHB,1,4,6.059198789737639
easygese:wheatG,FHB,1,5,6.73020911651367
easygese:wheatG,FHB,2,1,7.13321871675595
easygese:wheatG,FHB,2,2,5.431617727407489
easygese:wheatG,FHB,2,3,7.118137660020436
easygese:wheatG,FHB,2,4,7.561482295933094
easygese:wheatG,FHB,2,5,5.659654548343822
easygese:wheatG,SEP,1,1,3.5141268694116623
easygese:wheatG,SEP,1,2,2.5955094107966503
easygese:wheatG,SEP,1,3,2.663633484285873
easygese:wheatG,SEP,1,4,2.9768981731904027
easygese:wheatG,SEP,1,5,2.925149680244461
easygese:wheatG,SEP,2,1,2.8764858747531394
easygese:wheatG,SEP,2,2,3.4732371497776953
easygese:wheatG,SEP,2,3,3.023718532670015
easygese:wheatG,SEP,2,4,2.844022390520772
easygese:wheatG,SEP,2,5,2.434347722033766
wheat,env1,1,1,1.0300596549995522
wheat,env1,1,2,1.0157628497020676
wheat,env1,1,3,1.0232508642567997
wheat,env1,1,4,0.9456692058143451
wheat,env1,1,5,0.9751395918444207
wheat,env1,2,1,0.9676992848425512
wheat,env1,2,2,1.0211895860897353
wheat,env1,2,3,0.9994997168612783
wheat,env1,2,4,1.0029995278528898
wheat,env1,2,5,0.996045173319849
wheat,env2,1,1,1.0092946519040975
wheat,env2,1,2,0.9245472227521689
wheat,env2,1,3,1.004174577256791
wheat,env2,1,4,1.0056779076778657
wheat,env2,1,5,1.0176413901097583
wheat,env2,2,1,0.9165521510012035
wheat,env2,2,2,1.0387729565000972
wheat,env2,2,3,1.0041042109120368
wheat,env2,2,4,1.0691574830959685
wheat,env2,2,5,0.9564051062820811
wheat,env3,1,1,1.0977942143435198
wheat,env3,1,2,0.9577139256788765
wheat,env3,1,3,1.0368082962329421
wheat,env3,1,4,0.9001958361191651
wheat,env3,1,5,0.9719401175642058
wheat,env3,2,1,1.0020262164322284
wheat,env3,2,2,0.989171031485813
wheat,env3,2,3,1.040533880038035
wheat,env3,2,4,0.9695590317979537
wheat,env3,2,5,0.9889198037999541
wheat,env4,1,1,1.126631126406152
wheat,env4,1,2,1.0661242653600642
wheat,env4,1,3,1.002521957659313
wheat,env4,1,4,0.8279472972149742
wheat,env4,1,5,0.922018812615021
wheat,env4,2,1,0.9204159519687815
wheat,env4,2,2,1.1038562281072684
wheat,env4,2,3,0.9735723337520826
wheat,env4,2,4,0.9807382104641831
wheat,env4,2,5,1.001331525968281
soynam:yield,yield,1,1,275.74673573984114
soynam:yield,yield,1,2,269.25214441405893
soynam:yield,yield,1,3,271.5517860108508
soynam:yield,yield,1,4,270.99251232871774
soynam:yield,yield,1,5,266.41213092017983
soynam:yield,yield,2,1,276.3992060857579
soynam:yield,yield,2,2,265.7203710266129
soynam:yield,yield,2,3,266.16358543003355
soynam:yield,yield,2,4,274.70655961688124
soynam:yield,yield,2,5,271.18722417015556
soynam:height,height,1,1,9.601907388374283
soynam:height,height,1,2,9.48750209790687
soynam:height,height,1,3,9.304245084864272
soynam:height,height,1,4,9.297451000231499
soynam:height,height,1,5,9.620682005495286
soynam:height,height,2,1,9.381791216181215
soynam:height,height,2,2,9.290045282047679
soynam:height,height,2,3,9.717067036288716
soynam:height,height,2,4,9.496918163268877
soynam:height,height,2,5,9.429121936100135
soynam:protein,protein,1,1,0.807450645665753
soynam:protein,protein,1,2,0.7769886219408123
soynam:protein,protein,1,3,0.8102875217421718
soynam:protein,protein,1,4,0.7743498682505587
soynam:protein,protein,1,5,0.7830190952693883
soynam:protein,protein,2,1,0.7706607570163443
soynam:protein,protein,2,2,0.7827262008867436
soynam:protein,protein,2,3,0.7638690867151803
soynam:protein,protein,2,4,0.8135467356100613
soynam:protein,protein,2,5,0.8197931576704472
soynam:oil,oil,1,1,0.5454431134744189
soynam:oil,oil,1,2,0.5507692638975308
soynam:oil,oil,1,3,0.5596993437932125
soynam:oil,oil,1,4,0.5487543405570017
soynam:oil,oil,1,5,0.53990810893657
soynam:oil,oil,2,1,0.5387854938581216
soynam:oil,oil,2,2,0.54207072383801
soynam:oil,oil,2,3,0.5357694132055155
soynam:oil,oil,2,4,0.560924386904934
soynam:oil,oil,2,5,0.5645895571325736
