method,mean_rank,tasks,metric
ridge,7.935643564356436,101,ndcg@10
gblup,8.950495049504951,101,ndcg@10
deepgs/mse,9.524752475247524,101,ndcg@10
deepgs/hybrid,10.108910891089108,101,ndcg@10
soydngp/ccc,10.693069306930694,101,ndcg@10
deepgs/pearson,10.930693069306932,101,ndcg@10
deepgs/ccc,11.128712871287128,101,ndcg@10
mlp/ccc,11.207920792079207,101,ndcg@10
mlp/hybrid,11.287128712871286,101,ndcg@10
mlp/pearson,11.297029702970297,101,ndcg@10
mlp/mse,11.514851485148515,101,ndcg@10
soydngp/hybrid,13.361386138613861,101,ndcg@10
dnngp/ccc,13.801980198019802,101,ndcg@10
soydngp/pearson,14.069306930693068,101,ndcg@10
dnngp/pearson,14.336633663366337,101,ndcg@10
dnngp/hybrid,14.861386138613861,101,ndcg@10
cnn/pearson,14.930693069306932,101,ndcg@10
soydngp/mse,15.07920792079208,101,ndcg@10
cnn/hybrid,15.277227722772277,101,ndcg@10
dnngp/mse,15.514851485148515,101,ndcg@10
cnn/ccc,15.707920792079207,101,ndcg@10
cnn/mse,16.34158415841584,101,ndcg@10
transformer/hybrid,20.77227722772277,101,ndcg@10
transformer/pearson,20.980198019801982,101,ndcg@10
transformer/ccc,21.247524752475247,101,ndcg@10
transformer/mse,23.564356435643564,101,ndcg@10
pnngs/hybrid,24.95049504950495,101,ndcg@10
pnngs/mse,25.00990099009901,101,ndcg@10
pnngs/pearson,25.247524752475247,101,ndcg@10
pnngs/ccc,25.366336633663366,101,ndcg@10
ridge,4.712871287128713,101,pearson
gblup,6.02970297029703,101,pearson
deepgs/mse,9.564356435643564,101,pearson
mlp/pearson,9.693069306930694,101,pearson
mlp/hybrid,9.821782178217822,101,pearson
mlp/ccc,10.069306930693068,101,pearson
deepgs/hybrid,10.297029702970297,101,pearson
mlp/mse,11.03960396039604,101,pearson
deepgs/ccc,11.277227722772277,101,pearson
soydngp/ccc,11.297029702970297,101,pearson
deepgs/pearson,11.554455445544555,101,pearson
soydngp/hybrid,13.069306930693068,101,pearson
soydngp/pearson,13.227722772277227,101,pearson
cnn/ccc,14.445544554455445,101,pearson
cnn/pearson,15.227722772277227,101,pearson
soydngp/mse,15.366336633663366,101,pearson
cnn/hybrid,15.772277227722773,101,pearson
dnngp/ccc,15.990099009900991,101,pearson
cnn/mse,16.376237623762375,101,pearson
dnngp/pearson,16.435643564356436,101,pearson
dnngp/hybrid,16.940594059405942,101,pearson
dnngp/mse,17.84158415841584,101,pearson
transformer/ccc,20.683168316831683,101,pearson
transformer/hybrid,21.06930693069307,101,pearson
transformer/pearson,21.099009900990097,101,pearson
pnngs/ccc,24.712871287128714,101,pearson
pnngs/mse,24.861386138613863,101,pearson
transformer/mse,25.22772277227723,101,pearson
pnngs/hybrid,25.287128712871286,101,pearson
pnngs/pearson,26.00990099009901,101,pearson
