term,estimate,ci_lo,ci_hi,metric
Intercept,0.007882178006781029,-0.00942522503278124,0.0251895810463433,pearson
C(loss)[T.hybrid],-0.005036831749413525,-0.014939291306985548,0.004865627808158499,pearson
C(loss)[T.pearson],-0.0022401407416672613,-0.012142600299239279,0.007662318815904757,pearson
C(model)[T.deepgs],-0.0205491356668668,-0.030451595224438712,-0.01064667610929489,pearson
C(model)[T.dnngp],-0.007094387583169002,-0.01699684714074091,0.0028080719744029052,pearson
C(model)[T.mlp],-0.009614743831580846,-0.01951720338915276,0.00028771572599106676,pearson
C(model)[T.pnngs],-0.01075960665131071,-0.020662066208882616,-0.000857147093738804,pearson
C(model)[T.soydngp],0.012737567323740802,0.002835107766168894,0.02264002688131271,pearson
C(model)[T.transformer],0.02973864440804502,0.01983618485047311,0.03964110396561693,pearson
C(panel)[T.easygese:bean],-0.003948376713516477,-0.022763057411591084,0.014866303984558132,pearson
C(panel)[T.easygese:lentil],-0.004637685568820476,-0.023452366266895085,0.014176995129254133,pearson
C(panel)[T.easygese:maize],-0.0031789042266496164,-0.021540152492403986,0.015182344039104755,pearson
C(panel)[T.easygese:oyster],-0.0037711042628943443,-0.026258948908724725,0.018716740382936033,pearson
C(panel)[T.easygese:pig],-0.001524068177640993,-0.02401191282347137,0.020963776468189387,pearson
C(panel)[T.easygese:pine],-0.0014534805622301277,-0.01826415642389703,0.015357195299436775,pearson
C(panel)[T.easygese:rice],0.017703612458635585,0.0013665720804327888,0.03404065283683838,pearson
C(panel)[T.easygese:soybean],-0.008694987642148192,-0.031182832287978565,0.013792857003682183,pearson
C(panel)[T.easygese:wheatG],0.003922699943902325,-0.01294318354047045,0.020788583428275102,pearson
C(panel)[T.soynam],0.007468666706498833,-0.012006378033148139,0.026943711446145806,pearson
C(panel)[T.wheat],0.010920846937771655,-0.008554197801875317,0.03039589167741863,pearson
C(loss)[T.hybrid]:C(model)[T.deepgs],0.008180059333822834,-0.005824133273346549,0.022184251940992217,pearson
C(loss)[T.pearson]:C(model)[T.deepgs],0.0008021879187417715,-0.013202004688427606,0.014806380525911149,pearson
C(loss)[T.hybrid]:C(model)[T.dnngp],0.00032442594720302157,-0.01367976665996636,0.014328618554372405,pearson
C(loss)[T.pearson]:C(model)[T.dnngp],-0.0022887200383418117,-0.01629291264551119,0.011715472568827566,pearson
C(loss)[T.hybrid]:C(model)[T.mlp],0.005407148113888076,-0.00859704449328131,0.019411340721057463,pearson
C(loss)[T.pearson]:C(model)[T.mlp],0.002196985394139653,-0.011807207213029731,0.016201178001309036,pearson
C(loss)[T.hybrid]:C(model)[T.pnngs],0.008789443022740708,-0.005214749584428673,0.02279363562991009,pearson
C(loss)[T.pearson]:C(model)[T.pnngs],0.0026403574428684683,-0.011363835164300909,0.016644550050037846,pearson
C(loss)[T.hybrid]:C(model)[T.soydngp],-0.010910538458733762,-0.024914731065903147,0.0030936541484356244,pearson
C(loss)[T.pearson]:C(model)[T.soydngp],-0.012675816449239563,-0.026680009056408945,0.0013283761579298177,pearson
C(loss)[T.hybrid]:C(model)[T.transformer],0.0034937124288287606,-0.010510480178340624,0.017497905035998147,pearson
C(loss)[T.pearson]:C(model)[T.transformer],0.0002867406371219046,-0.013717451970047477,0.014290933244291286,pearson
Group Var,0.05450267495293576,0.025641422848221133,0.08336392705765039,pearson
Intercept,-0.0023788825955022796,-0.014858105746811272,0.010100340555806712,ndcg@10
C(loss)[T.hybrid],-0.0008961978287338019,-0.008135687254822827,0.0063432915973552235,ndcg@10
C(loss)[T.pearson],0.0032888709616901517,-0.0039506184643988695,0.010528360387779172,ndcg@10
C(model)[T.deepgs],-0.005749225535210754,-0.01298871496129974,0.00149026389087823,ndcg@10
C(model)[T.dnngp],0.003401244781088695,-0.0038382446450002886,0.010640734207177678,ndcg@10
C(model)[T.mlp],-0.0024703643595550325,-0.00970985378564402,0.0047691250665339545,ndcg@10
C(model)[T.pnngs],-0.001199355513605358,-0.008438844939694342,0.0060401339124836265,ndcg@10
C(model)[T.soydngp],0.013177383892990361,0.005937894466901377,0.020416873319079345,ndcg@10
C(model)[T.transformer],0.009553954479216267,0.002314465053127282,0.016793443905305253,ndcg@10
C(panel)[T.easygese:bean],0.004362815993379851,-0.009168010904630182,0.017893642891389887,ndcg@10
C(panel)[T.easygese:lentil],0.0018354603137328892,-0.011695366584277144,0.015366287211742923,ndcg@10
C(panel)[T.easygese:maize],0.0022937311332337333,-0.010911003823588257,0.015498466090055724,ndcg@10
C(panel)[T.easygese:oyster],0.005672182316054137,-0.010500249100398618,0.021844613732506894,ndcg@10
C(panel)[T.easygese:pig],0.00678894749528765,-0.009383483921165104,0.022961378911740406,ndcg@10
C(panel)[T.easygese:pine],0.0016731325478805935,-0.010416487721149535,0.013762752816910723,ndcg@10
C(panel)[T.easygese:rice],0.008999993510156994,-0.002749005525786604,0.020748992546100593,ndcg@10
C(panel)[T.easygese:soybean],0.0005481143855773302,-0.015624317030875426,0.016720545802030085,ndcg@10
C(panel)[T.easygese:wheatG],0.003423741334277554,-0.008705582228062258,0.015553064896617367,ndcg@10
C(panel)[T.soynam],0.005558234070493386,-0.008447502377116379,0.01956397051810315,ndcg@10
C(panel)[T.wheat],0.0042880669021194825,-0.009717669545490283,0.018293803349729246,ndcg@10
C(loss)[T.hybrid]:C(model)[T.deepgs],0.002066310132642512,-0.0081718739983891,0.012304494263674123,ndcg@10
C(loss)[T.pearson]:C(model)[T.deepgs],-0.0039389681145486554,-0.014177152245580263,0.006299216016482953,ndcg@10
C(loss)[T.hybrid]:C(model)[T.dnngp],-0.003982882732539481,-0.014221066863571094,0.00625530139849213,ndcg@10
C(loss)[T.pearson]:C(model)[T.dnngp],-0.0074696401914014655,-0.017707824322433074,0.002768543939630143,ndcg@10
C(loss)[T.hybrid]:C(model)[T.mlp],0.002252831709768609,-0.007985352421263005,0.012491015840800222,ndcg@10
C(loss)[T.pearson]:C(model)[T.mlp],-0.003511131038173073,-0.013749315169204683,0.006727053092858537,ndcg@10
C(loss)[T.hybrid]:C(model)[T.pnngs],0.0016852519897198892,-0.008552932141311724,0.011923436120751503,ndcg@10
C(loss)[T.pearson]:C(model)[T.pnngs],-0.004275049123912607,-0.014513233254944214,0.0059631350071189995,ndcg@10
C(loss)[T.hybrid]:C(model)[T.soydngp],-0.012636440042999415,-0.02287462417403103,-0.0023982559119678035,ndcg@10
C(loss)[T.pearson]:C(model)[T.soydngp],-0.01708263063077059,-0.027320814761802197,-0.006844446499738983,ndcg@10
C(loss)[T.hybrid]:C(model)[T.transformer],0.0032891308938228898,-0.006949053237208723,0.013527315024854504,ndcg@10
C(loss)[T.pearson]:C(model)[T.transformer],-0.0008623427541561413,-0.01110052688518775,0.00937584137687547,ndcg@10
Group Var,0.05120061840253833,0.023272583213614872,0.07912865359146179,ndcg@10
Intercept,-0.00395196339769928,-0.011012972255603952,0.0031090454602053924,nrmse
C(loss)[T.hybrid],0.003097432923559441,-0.0015940481911431415,0.007788914038262023,nrmse
C(loss)[T.pearson],0.002883801854875266,-0.001807679259827319,0.007575282969577851,nrmse
C(model)[T.deepgs],0.007939106123576154,0.003247625008873582,0.012630587238278725,nrmse
C(model)[T.dnngp],0.0025764830697038595,-0.00211499804499871,0.007267964184406429,nrmse
C(model)[T.mlp],0.0033152389797328334,-0.001376242134969736,0.008006720094435402,nrmse
C(model)[T.pnngs],0.005353259762785593,0.0006617786480830222,0.010044740877488165,nrmse
C(model)[T.soydngp],-0.008876178024951388,-0.013567659139653961,-0.0041846969102488155,nrmse
C(model)[T.transformer],-0.010865920137511885,-0.015557401252214456,-0.006174439022809313,nrmse
C(panel)[T.easygese:bean],0.0039764055916124376,-0.003448394371679657,0.011401205554904533,nrmse
C(panel)[T.easygese:lentil],0.004485957155728081,-0.0029388428075640145,0.011910757119020177,nrmse
C(panel)[T.easygese:maize],0.0009865507235141205,-0.006259312102290886,0.008232413549319128,nrmse
C(panel)[T.easygese:oyster],0.005918271121663882,-0.0029560622130479003,0.014792604456375664,nrmse
C(panel)[T.easygese:pig],0.002593053993490613,-0.00628127934122117,0.011467387328202395,nrmse
C(panel)[T.easygese:pine],0.000695414702133485,-0.005938548824730482,0.007329378228997452,nrmse
C(panel)[T.easygese:rice],-0.004544660949185326,-0.010991714648735648,0.0019023927503649977,nrmse
C(panel)[T.easygese:soybean],0.005670639755288912,-0.0032036935794228704,0.014544973090000694,nrmse
C(panel)[T.easygese:wheatG],-0.0009299474373915661,-0.007585697438425248,0.005725802563642116,nrmse
C(panel)[T.soynam],-0.004361201358614101,-0.012046599468125498,0.0033241967508972963,nrmse
C(panel)[T.wheat],-0.0041410917937637496,-0.011826489903275148,0.003544306315747648,nrmse
C(loss)[T.hybrid]:C(model)[T.deepgs],-0.004817702381312464,-0.011452458601342136,0.0018170538387172076,nrmse
C(loss)[T.pearson]:C(model)[T.deepgs],-0.0019831880697223922,-0.008617944289752065,0.0046515681503072805,nrmse
C(loss)[T.hybrid]:C(model)[T.dnngp],-0.002022657060661398,-0.008657413280691067,0.00461209915936827,nrmse
C(loss)[T.pearson]:C(model)[T.dnngp],-0.003182663537844256,-0.009817419757873926,0.003452092682185414,nrmse
C(loss)[T.hybrid]:C(model)[T.mlp],-0.0020009043474226037,-0.008635660567452273,0.004633851872607066,nrmse
C(loss)[T.pearson]:C(model)[T.mlp],-0.002717741038280844,-0.009352497258310513,0.003917015181748826,nrmse
C(loss)[T.hybrid]:C(model)[T.pnngs],-0.005051748813542903,-0.011686505033572575,0.0015830074064867678,nrmse
C(loss)[T.pearson]:C(model)[T.pnngs],-0.0034557932793005293,-0.010090549499330203,0.0031789629407291435,nrmse
C(loss)[T.hybrid]:C(model)[T.soydngp],0.006236773472996256,-0.0003979827470334159,0.012871529693025928,nrmse
C(loss)[T.pearson]:C(model)[T.soydngp],0.006522498226659725,-0.00011225799336994895,0.013157254446689397,nrmse
C(loss)[T.hybrid]:C(model)[T.transformer],-0.0020155917305006003,-0.00865034795053027,0.00461916448952907,nrmse
C(loss)[T.pearson]:C(model)[T.transformer],-0.0011361289336741067,-0.007770885153703779,0.005498627286355565,nrmse
Group Var,0.023234263745749315,0.0032099737313467484,0.04325855376015188,nrmse
