trait,model,loss,fold,sd_across_seeds
env1,cnn,mse,1,0.038810976176303344
env1,cnn,mse,2,0.08897074682880424
env1,cnn,mse,3,0.2699170426709556
env1,cnn,mse,4,0.09921703875785261
env1,cnn,mse,5,0.016219824260021158
env1,cnn,pearson,1,0.02158933778869045
env1,cnn,pearson,2,0.08888967974837002
env1,cnn,pearson,3,0.08436373102593549
env1,cnn,pearson,4,0.06476567670446573
env1,cnn,pearson,5,0.056362371346789064
env1,mlp,mse,1,0.03750468181022471
env1,mlp,mse,2,0.0619391537230863
env1,mlp,mse,3,0.039224821820401365
env1,mlp,mse,4,0.016771669934391907
env1,mlp,mse,5,0.027540372620263074
env1,mlp,pearson,1,0.07250707426737384
env1,mlp,pearson,2,0.027509762646284762
env1,mlp,pearson,3,0.04283306717401641
env1,mlp,pearson,4,0.011109603253126639
env1,mlp,pearson,5,0.05096026022940597
env1,transformer,mse,1,0.053735152796322655
env1,transformer,mse,2,0.0278487264517428
env1,transformer,mse,3,0.0784433611832354
env1,transformer,mse,4,0.04896393101401085
env1,transformer,mse,5,0.11081558605060864
env1,transformer,pearson,1,0.04883550998286615
env1,transformer,pearson,2,0.033986452239940866
env1,transformer,pearson,3,0.03689163647067944
env1,transformer,pearson,4,0.01689841542232304
env1,transformer,pearson,5,0.05988229928751077
env2,cnn,mse,1,0.06968491647828794
env2,cnn,mse,2,0.029466965396823672
env2,cnn,mse,3,0.0890894185284463
env2,cnn,mse,4,0.04487694883082705
env2,cnn,mse,5,0.012894178201346819
env2,cnn,pearson,1,0.10101032303575744
env2,cnn,pearson,2,0.05399815477873107
env2,cnn,pearson,3,0.12580334087561573
env2,cnn,pearson,4,0.056967207379301756
env2,cnn,pearson,5,0.08991276874041208
env2,mlp,mse,1,0.03871580853736686
env2,mlp,mse,2,0.042238124855068906
env2,mlp,mse,3,0.06308712713719035
env2,mlp,mse,4,0.029094411261580046
env2,mlp,mse,5,0.033066051660855536
env2,mlp,pearson,1,0.015125251203800075
env2,mlp,pearson,2,0.04944259847975539
env2,mlp,pearson,3,0.014533056122220027
env2,mlp,pearson,4,0.026792677683136784
env2,mlp,pearson,5,0.03606181354655681
env2,transformer,mse,1,0.05191407964097828
env2,transformer,mse,2,0.04464950900665351
env2,transformer,mse,3,0.04274155988473728
env2,transformer,mse,4,0.05298307158551296
env2,transformer,mse,5,0.04201228617656329
env2,transformer,pearson,1,0.02767335942416379
env2,transformer,pearson,2,0.03546817723648708
env2,transformer,pearson,3,0.027751331405995214
env2,transformer,pearson,4,0.05779981829630315
env2,transformer,pearson,5,0.08958689162721291
env3,cnn,mse,1,0.05786244578485326
env3,cnn,mse,2,0.07332593073687592
env3,cnn,mse,3,0.08489007770622552
env3,cnn,mse,4,0.07552015590342774
env3,cnn,mse,5,0.01784846458757098
env3,cnn,pearson,1,0.0873963044329726
env3,cnn,pearson,2,0.03628304778927597
env3,cnn,pearson,3,0.09186289864975365
env3,cnn,pearson,4,0.12571265479413068
env3,cnn,pearson,5,0.09502314413641329
env3,mlp,mse,1,0.029075302912969073
env3,mlp,mse,2,0.09013488412038792
env3,mlp,mse,3,0.037931991348878744
env3,mlp,mse,4,0.013524600724617891
env3,mlp,mse,5,0.10827789002979935
env3,mlp,pearson,1,0.01857133982860059
env3,mlp,pearson,2,0.11729342213378338
env3,mlp,pearson,3,0.07266613319680071
env3,mlp,pearson,4,0.025870619681695153
env3,mlp,pearson,5,0.053651662811188036
env3,transformer,mse,1,0.022843059022059572
env3,transformer,mse,2,0.05199320822074918
env3,transformer,mse,3,0.0486871090669562
env3,transformer,mse,4,0.07664818628537108
env3,transformer,mse,5,0.03622567034300464
env3,transformer,pearson,1,0.03406642929151234
env3,transformer,pearson,2,0.03973732350462606
env3,transformer,pearson,3,0.06639264064025902
env3,transformer,pearson,4,0.11585782098217966
env3,transformer,pearson,5,0.10460740922123492
env4,cnn,mse,1,0.022837064120408524
env4,cnn,mse,2,0.06708718651419208
env4,cnn,mse,3,0.09028030885957226
env4,cnn,mse,4,0.09082002374822415
env4,cnn,mse,5,0.03784938383306233
env4,cnn,pearson,1,0.03647531000941547
env4,cnn,pearson,2,0.04974237675848985
env4,cnn,pearson,3,0.03963446686489299
env4,cnn,pearson,4,0.10477983242348976
env4,cnn,pearson,5,0.014757003782440796
env4,mlp,mse,1,0.04382293666894685
env4,mlp,mse,2,0.01913999022213026
env4,mlp,mse,3,0.035535711526126716
env4,mlp,mse,4,0.05733432879779896
env4,mlp,mse,5,0.008441409418309873
env4,mlp,pearson,1,0.01171735991365981
env4,mlp,pearson,2,0.009529464858562651
env4,mlp,pearson,3,0.028609521277391123
env4,mlp,pearson,4,0.05592491961593256
env4,mlp,pearson,5,0.012038154246228098
env4,transformer,mse,1,0.02882372520291756
env4,transformer,mse,2,0.0193949227667938
env4,transformer,mse,3,0.04252262482773363
env4,transformer,mse,4,0.018027286665270873
env4,transformer,mse,5,0.04634302240041933
env4,transformer,pearson,1,0.06184753557795653
env4,transformer,pearson,2,0.103017582085759
env4,transformer,pearson,3,0.12814132299759837
env4,transformer,pearson,4,0.0583740687641834
env4,transformer,pearson,5,0.13086707625259722
