metric,model,seed,mean_delta
pearson,cnn,0,-0.02973470751854824
pearson,cnn,1,-0.004120116093361809
pearson,cnn,2,0.02074326783040043
pearson,mlp,0,0.005857796432104291
pearson,mlp,1,0.006003494652027888
pearson,mlp,2,-0.0005925675746964676
pearson,transformer,0,0.024643255254727357
pearson,transformer,1,0.025926376321998113
pearson,transformer,2,0.03521114467358316
ndcg@10,cnn,0,-0.031215340560153366
ndcg@10,cnn,1,0.001002889143478161
ndcg@10,cnn,2,0.012279968114397253
ndcg@10,mlp,0,-0.0053854065174464005
ndcg@10,mlp,1,0.012693905400481386
ndcg@10,mlp,2,0.013962868043706889
ndcg@10,transformer,0,0.0005612552939242233
ndcg@10,transformer,1,0.03735819397913176
ndcg@10,transformer,2,-0.01715903017558641
nrmse,cnn,0,0.013612061047308482
nrmse,cnn,1,0.009339358879463622
nrmse,cnn,2,-0.0009932818453637416
nrmse,mlp,0,-0.001553729297110995
nrmse,mlp,1,-0.004097031131574868
nrmse,mlp,2,0.0012962752926163946
nrmse,transformer,0,-0.012333057277747422
nrmse,transformer,1,-0.005853304754927652
nrmse,transformer,2,-0.01053899003553448
